9/34/2017 12:18:05 PM,29.86,65.6,79.7,713,1.734,75,0.509,59,0.966,965,52,210,0,2,0
9/14/2017 12:18:25 PM,29.86,65.5,78.8,702,1.709,74,0.502,59,0.966,952,51,0,0,0,0
9/14/2017 12:18:45 PM,29.86,65.7,78.9,710,1.719,74,0.505,59,0.966,963,51,270,1,3,0
9/14/2017 12:19:05 PM,29.86,65.8,77.5,709,1.698,73,0.499,59,0.966,968,51,300,2,4,0
9/14/2017 12:19:25 PM,29.86,66.3,77.9,733,1.733,75,0.509,59,0.964,1006,51,270,1,2,0
9/14/2017 12:19:45 PM,29.86,65.8,78.3,711,1.711,74,0.502,59,0.966,967,51,300,2,3,0
9/14/2017 12:20:05 PM,29.86,66.1,78.1,728,1.73,75,0.508,59,0.965,997,51,330,1,3,0
9/14/2017 12:20:25 PM,29.86,65.8,77,707,1.687,73,0.495,59,0.966,967,52,300,3,4,0
9/14/2017 12:20:45 PM,29.86,65.8,76.9,705,1.683,73,0.494,58,0.966,963,51,300,2,4,0
9/14/2017 12:21:05 PM,29.86,66,76.7,714,1.692,73,0.497,59,0.965,979,51,270,2,4,0
9/14/2017 12:21:25 PM,29.86,66.1,75.8,711,1.675,72,0.492,58,0.965,979,51,180,1,2,0
9/14/2017 12:21:45 PM,29.86,65.8,75.2,695,1.646,71,0.483,58,0.966,953,51,210,1,3,0
9/14/2017 12:22:05 PM,29.86,65.1,75.7,665,1.618,70,0.475,57,0.968,902,51,210,5,7,0
9/14/2017 12:22:25 PM,29.86,65,76.9,667,1.638,71,0.481,58,0.968,901,51,210,5,5,0
9/14/2017 12:22:45 PM,29.86,65.2,77.1,677,1.652,71,0.485,58,0.967,916,51,210,3,4,0
9/14/2017 12:23:05 PM,29.86,65.4,76.8,685,1.658,71,0.487,58,0.967,930,51,210,4,6,0
9/14/2017 12:23:25 PM,29.86,65,76.8,664,1.633,70,0.48,58,0.968,896,51,240,6,7,0
9/14/2017 12:23:45 PM,29.86,65.7,77.3,702,1.686,73,0.495,59,0.966,958,51,270,5,6,0
9/14/2017 12:24:05 PM,29.86,65.6,77.8,698,1.687,73,0.496,59,0.966,948,51,270,6,7,0
9/14/2017 12:24:25 PM,29.86,65.1,78.3,676,1.668,72,0.49,58,0.968,910,51,270,5,7,0
9/14/2017 12:24:45 PM,29.86,64.8,79.1,669,1.671,72,0.491,58,0.968,895,51,270,5,6,0
9/14/2017 12:25:05 PM,29.86,65.4,77.9,690,1.679,72,0.493,58,0.967,935,51,270,4,5,0
9/14/2017 12:25:25 PM,29.86,65.5,77,690,1.666,72,0.489,58,0.967,938,51,270,3,4,0
9/14/2017 12:25:45 PM,29.86,65.6,76.7,691,1.663,72,0.489,58,0.966,941,51,270,4,6,0
9/14/2017 12:26:05 PM,29.86,65.6,77.1,694,1.673,72,0.491,58,0.966,945,51,270,4,5,0
9/14/2017 12:26:25 PM,29.86,66,76.8,713,1.693,73,0.497,59,0.965,978,51,270,2,4,0
9/14/2017 12:26:45 PM,29.86,67.3,77.9,785,1.799,78,0.528,60,0.961,1091,51,300,4,5,0
9/14/2017 12:27:05 PM,29.86,66.1,76,714,1.682,73,0.494,58,0.965,983,51,300,4,6,0
9/14/2017 12:27:25 PM,29.86,66.5,75.6,732,1.698,73,0.499,59,0.964,1013,51,300,3,4,0
9/14/2017 12:27:45 PM,29.86,66.2,75.1,711,1.665,72,0.489,58,0.965,982,51,300,2,4,0
9/14/2017 12:28:05 PM,29.86,65.9,76,703,1.667,72,0.49,58,0.966,964,51,210,0,2,0
9/14/2017 12:28:25 PM,29.86,66.3,75.2,716,1.673,72,0.491,58,0.965,989,51,0,0,0,0
9/14/2017 12:28:45 PM,29.86,66.4,74.7,718,1.667,72,0.49,58,0.965,995,51,0,0,0,0
9/14/2017 12:29:05 PM,29.86,66.4,74.6,718,1.665,72,0.489,58,0.965,994,51,270,1,4,0
9/14/2017 12:29:25 PM,29.86,66.3,74.8,714,1.664,72,0.489,58,0.965,988,51,240,4,5,0
9/14/2017 12:29:45 PM,29.86,65.7,75.9,690,1.651,71,0.485,58,0.966,943,51,240,4,6,0
9/14/2017 12:30:05 PM,29.86,65.4,76.7,685,1.657,71,0.487,58,0.967,931,51,210,3,4,0
9/14/2017 12:30:25 PM,29.86,66,76.9,713,1.693,73,0.497,59,0.965,977,51,210,3,4,0
9/14/2017 12:30:45 PM,29.86,65.2,75.7,668,1.621,70,0.476,57,0.968,907,51,240,5,6,0
9/14/2017 12:31:05 PM,29.86,65.3,76.4,679,1.645,71,0.483,58,0.967,922,51,210,3,4,0
9/14/2017 12:31:25 PM,29.86,65.6,76,691,1.654,71,0.486,58,0.966,943,51,240,3,4,0
9/14/2017 12:31:45 PM,29.86,66.5,76,733,1.705,74,0.501,59,0.964,1013,51,240,2,4,0
9/14/2017 12:32:05 PM,29.86,66.5,74.6,724,1.674,72,0.492,58,0.964,1004,51,300,3,5,0
9/14/2017 12:32:25 PM,29.86,66.2,73.7,702,1.633,70,0.48,58,0.965,971,51,270,4,5,0
9/14/2017 12:32:45 PM,29.86,66.1,73.9,700,1.634,70,0.48,58,0.966,967,51,270,3,4,0
9/14/2017 12:33:05 PM,29.86,66.1,73.8,699,1.632,70,0.479,58,0.966,967,51,300,4,5,0
9/14/2017 12:33:25 PM,29.86,66.1,74.3,701,1.641,71,0.482,58,0.966,968,51,270,4,6,0
9/14/2017 12:33:45 PM,30.04,66.6,73.7,556,1.65,71,0.488,58,0.971,803,-115,240,4,6,0
9/14/2017 12:34:05 PM,30.04,66.6,73.7,556,1.65,71,0.488,58,0.971,803,-115,240,4,6,0
9/14/2017 12:34:25 PM,29.86,66.1,74.6,705,1.65,71,0.485,58,0.965,974,51,240,5,4,0
9/14/2017 12:34:45 PM,29.86,66.7,74.4,731,1.679,72,0.493,58,0.964,1018,51,300,2,3,0
9/14/2017 12:35:05 PM,29.86,66.9,73.7,737,1.675,72,0.492,58,0.963,1030,51,300,4,6,0
9/14/2017 12:35:25 PM,29.86,66.7,73.2,722,1.65,71,0.485,58,0.964,1007,51,300,5,6,0
9/14/2017 12:35:45 PM,29.86,66.7,73.5,725,1.658,72,0.487,58,0.964,1012,51,300,4,6,0
9/14/2017 12:36:05 PM,29.86,66.1,74.2,699,1.638,71,0.481,58,0.966,965,50,300,3,4,0
9/14/2017 12:36:25 PM,29.86,66.7,73.6,726,1.661,72,0.488,58,0.964,1013,51,300,3,4,0
9/14/2017 12:36:45 PM,29.86,66.3,74.5,713,1.66,72,0.488,58,0.965,988,51,300,3,4,0
9/14/2017 12:37:05 PM,29.86,66.2,74.2,706,1.645,71,0.483,58,0.965,975,51,300,5,6,0
9/14/2017 12:37:25 PM,29.86,66.8,74.5,737,1.688,73,0.496,59,0.963,1027,51,300,4,4,0
9/14/2017 12:37:45 PM,29.86,66.3,73.7,705,1.638,71,0.481,58,0.965,978,51,300,5,7,0
9/14/2017 12:38:05 PM,29.86,65.7,74.2,682,1.617,70,0.475,57,0.967,937,51,270,4,6,0
9/14/2017 12:38:25 PM,29.86,65.5,75.1,676,1.622,70,0.477,57,0.967,923,51,210,3,4,0
9/14/2017 12:38:45 PM,29.86,64.9,76.1,654,1.609,69,0.473,57,0.969,882,51,180,0,2,0
9/14/2017 12:39:05 PM,29.86,65.1,76.5,669,1.634,70,0.48,58,0.968,905,51,0,0,0,0
9/14/2017 12:39:25 PM,29.86,65.8,75.1,691,1.641,71,0.482,58,0.966,948,51,0,0,0,0
9/14/2017 12:39:45 PM,29.86,66.6,73.7,721,1.656,71,0.486,58,0.964,1003,51,0,0,0,0
9/14/2017 12:40:05 PM,29.86,66.1,73.9,699,1.632,70,0.48,58,0.966,965,51,0,0,0,0
9/14/2017 12:40:25 PM,29.86,66.3,74,708,1.645,71,0.483,58,0.965,980,51,0,0,0,0
9/14/2017 12:40:45 PM,29.86,66.6,74.5,728,1.677,72,0.493,58,0.964,1012,51,0,0,0,0
9/14/2017 12:41:05 PM,29.86,66.6,73.2,719,1.647,71,0.484,58,0.964,1003,51,0,0,2,0
9/14/2017 12:41:25 PM,29.86,67.1,72.7,740,1.665,72,0.489,58,0.963,1040,51,300,0,2,0
9/14/2017 12:41:45 PM,29.86,67.4,72.1,749,1.665,72,0.489,58,0.962,1058,51,0,0,1,0
9/14/2017 12:42:05 PM,29.86,67.2,71.7,737,1.645,71,0.483,58,0.963,1039,51,300,3,4,0
9/14/2017 12:42:25 PM,29.86,67.1,72.3,738,1.656,71,0.486,58,0.963,1039,51,300,5,5,0
9/14/2017 12:42:45 PM,29.86,66.9,72.7,730,1.652,71,0.485,58,0.964,1023,51,300,4,5,0
9/14/2017 12:43:05 PM,29.86,66.1,74.3,701,1.64,71,0.482,58,0.966,968,51,270,5,6,0
9/14/2017 12:43:25 PM,29.86,66.4,74.7,720,1.669,72,0.49,58,0.965,997,51,180,0,3,0
9/14/2017 12:43:45 PM,29.86,66.4,74.2,716,1.658,72,0.487,58,0.965,993,51,0,0,0,0
9/14/2017 12:44:05 PM,29.86,66,74.9,703,1.652,71,0.485,58,0.966,968,51,0,0,0,0
9/14/2017 12:44:25 PM,29.86,66.8,74.4,735,1.683,73,0.494,58,0.964,1023,51,0,0,0,0
9/14/2017 12:44:45 PM,29.86,66.3,74.1,708,1.647,71,0.484,58,0.965,981,51,0,0,0,0
9/14/2017 12:45:05 PM,29.86,66.2,74.9,709,1.66,72,0.488,58,0.965,979,51,0,0,0,0
9/14/2017 12:45:25 PM,29.86,65.6,75.6,686,1.641,71,0.482,58,0.967,937,51,0,0,0,0
9/14/2017 12:45:45 PM,29.86,65.8,76.1,697,1.662,72,0.488,58,0.966,954,51,0,0,0,0
9/14/2017 12:46:05 PM,29.86,66.2,74.5,706,1.65,71,0.485,58,0.965,975,51,330,0,2,0
9/14/2017 12:46:25 PM,29.86,66.2,74.1,708,1.645,71,0.483,58,0.965,980,51,270,2,4,0
9/14/2017 12:46:45 PM,29.86,65.8,75.1,691,1.641,71,0.482,58,0.966,948,51,0,0,1,0
9/14/2017 12:47:05 PM,29.86,65.9,75.3,698,1.651,71,0.485,58,0.966,958,51,270,3,5,0
9/14/2017 12:47:25 PM,29.86,65.5,75.7,682,1.638,71,0.481,58,0.967,930,51,210,3,4,0
9/14/2017 12:47:45 PM,29.86,66.1,76,712,1.68,72,0.493,58,0.965,979,51,270,3,4,0
9/14/2017 12:48:05 PM,29.86,66.2,74.3,705,1.645,71,0.483,58,0.965,974,51,210,1,4,0
9/14/2017 12:48:25 PM,29.86,66.7,74,727,1.67,72,0.491,58,0.964,1013,50,0,0,0,0
9/14/2017 12:48:45 PM,29.86,66.6,74.7,730,1.682,73,0.494,58,0.964,1014,51,240,1,3,0
9/14/2017 12:49:05 PM,29.86,66.5,74.4,722,1.668,72,0.49,58,0.964,1003,51,0,0,1,0
9/14/2017 12:49:25 PM,29.86,66.7,74.2,729,1.675,72,0.492,58,0.964,1015,50,0,0,0,0
9/14/2017 12:49:45 PM,29.86,66.4,73.7,715,1.649,71,0.485,58,0.965,993,51,0,0,0,0
9/14/2017 12:50:05 PM,29.86,66.8,74.6,736,1.688,73,0.496,59,0.964,1024,51,0,0,0,0
9/14/2017 12:50:25 PM,29.86,66.9,74,740,1.685,73,0.495,59,0.963,1034,51,0,0,0,0
9/14/2017 12:50:45 PM,29.87,66.4,73.3,702,1.636,71,0.481,58,0.965,978,44,0,0,0,0
9/14/2017 12:51:05 PM,29.87,66.2,73.9,698,1.64,71,0.482,58,0.966,969,44,0,0,0,0
9/14/2017 12:51:25 PM,29.87,66.3,74.7,705,1.66,72,0.488,58,0.965,975,44,0,0,0,0
9/14/2017 12:51:45 PM,29.87,66.1,74.5,694,1.645,71,0.483,58,0.966,959,44,0,0,0,0
9/14/2017 12:52:05 PM,29.87,66.4,74.1,708,1.655,71,0.486,58,0.965,984,44,0,0,0,0
9/14/2017 12:52:25 PM,29.87,66,74,689,1.631,70,0.479,58,0.966,952,44,0,0,0,0
9/14/2017 12:52:45 PM,29.87,66.7,73.8,720,1.665,72,0.489,58,0.964,1004,44,330,0,2,0
9/14/2017 12:53:05 PM,29.87,66.5,74.5,713,1.668,72,0.49,58,0.965,991,44,0,0,0,0
9/14/2017 12:53:25 PM,29.87,66.6,73.4,711,1.649,71,0.484,58,0.965,992,44,0,0,0,0
9/14/2017 12:53:45 PM,29.87,66.1,74.2,693,1.638,71,0.481,58,0.966,958,44,0,0,0,0
9/14/2017 12:54:06 PM,29.87,66.2,75.3,704,1.667,72,0.49,58,0.965,971,44,0,0,0,0
9/14/2017 12:54:25 PM,29.87,66.8,73.6,725,1.669,72,0.49,58,0.964,1013,44,0,0,0,0
9/14/2017 12:54:45 PM,29.87,65.8,74.2,680,1.623,70,0.477,57,0.967,937,44,0,0,0,0
9/14/2017 12:55:05 PM,29.87,66.1,75,699,1.657,71,0.487,58,0.966,965,44,0,0,0,0
9/14/2017 12:55:25 PM,29.87,65.5,75.4,672,1.632,70,0.48,58,0.967,918,44,60,0,1,0
9/14/2017 12:55:45 PM,29.87,65.6,75.1,674,1.629,70,0.479,58,0.967,923,44,0,0,0,0
9/14/2017 12:56:05 PM,29.87,65.9,75.9,696,1.668,72,0.49,58,0.966,956,44,0,0,0,0
9/14/2017 12:56:25 PM,29.87,67.3,74.3,750,1.71,74,0.502,59,0.963,1054,44,300,0,2,0
9/14/2017 12:56:45 PM,29.87,67.6,72.8,755,1.693,73,0.497,59,0.962,1067,44,330,0,0,0
9/14/2017 12:57:05 PM,29.87,67.2,73,740,1.678,72,0.493,58,0.963,1042,44,300,4,6,0
9/14/2017 12:57:25 PM,29.87,67.7,71.8,754,1.676,72,0.492,58,0.962,1071,44,300,3,4,0
9/14/2017 12:57:45 PM,29.87,67.6,71.8,750,1.671,72,0.491,58,0.962,1064,44,300,4,6,0
9/14/2017 12:58:05 PM,29.87,67.2,72.3,736,1.662,72,0.488,58,0.963,1037,44,300,4,4,0
9/14/2017 12:58:25 PM,29.87,67,72.6,728,1.657,72,0.487,58,0.964,1023,44,300,3,4,0
9/14/2017 12:58:45 PM,29.87,67.6,74,764,1.723,74,0.506,59,0.962,1078,44,330,4,4,0
9/14/2017 12:59:05 PM,29.87,66.1,71.9,678,1.586,68,0.466,57,0.966,943,44,300,4,4,0
9/14/2017 12:59:25 PM,29.87,67.8,75.5,787,1.775,77,0.521,60,0.961,1108,44,330,3,4,0
9/14/2017 12:59:45 PM,29.87,66.7,74,723,1.672,72,0.491,58,0.964,1009,44,300,3,4,0
9/14/2017 1:00:05 PM,29.87,66.3,73.7,698,1.638,71,0.481,58,0.966,969,44,270,1,3,0
9/14/2017 1:00:25 PM,29.87,66.3,74.2,704,1.653,71,0.486,58,0.965,977,44,0,0,0,0
9/14/2017 1:00:45 PM,29.87,66.3,73.6,702,1.64,71,0.482,58,0.965,975,44,0,0,0,0
9/14/2017 1:01:05 PM,29.87,65.7,74.6,675,1.624,70,0.477,58,0.967,927,44,0,0,0,0
9/14/2017 1:01:25 PM,29.87,66.7,77.2,742,1.743,75,0.512,59,0.964,1026,44,0,0,0,0
9/14/2017 1:01:45 PM,29.87,65.6,75.9,681,1.649,71,0.485,58,0.967,931,44,300,1,4,0
9/14/2017 1:02:05 PM,29.87,64.8,75.2,639,1.589,68,0.467,57,0.969,864,44,330,1,3,0
9/14/2017 1:02:25 PM,29.87,65.3,75.3,661,1.617,70,0.475,57,0.968,901,44,300,3,4,0
9/14/2017 1:02:45 PM,29.87,66.6,74.7,720,1.679,72,0.493,58,0.964,1001,44,270,2,4,0
9/14/2017 1:03:05 PM,29.87,66.1,74.2,694,1.641,71,0.482,58,0.966,960,44,300,1,3,0
9/14/2017 1:03:25 PM,29.87,66.3,74.6,708,1.662,72,0.488,58,0.965,982,44,0,0,0,0
9/14/2017 1:03:45 PM,29.87,67.9,74.9,784,1.761,76,0.517,60,0.961,1107,44,0,0,0,0
9/14/2017 1:04:05 PM,29.87,66.7,72.7,712,1.638,71,0.481,58,0.965,996,44,0,0,0,0
9/14/2017 1:04:25 PM,29.87,66.2,74.2,700,1.647,71,0.484,58,0.965,971,44,0,0,1,0
9/14/2017 1:04:45 PM,29.87,65.9,75.2,689,1.649,71,0.485,58,0.966,947,44,0,0,0,0
9/14/2017 1:05:05 PM,29.87,66.6,74,716,1.663,72,0.489,58,0.965,997,44,0,0,0,0
9/14/2017 1:05:25 PM,29.87,66.4,73.9,704,1.647,71,0.484,58,0.965,979,44,270,3,4,0
9/14/2017 1:05:45 PM,29.87,66.2,74.1,697,1.642,71,0.483,58,0.966,965,44,270,2,4,0
9/14/2017 1:06:05 PM,29.87,65.5,75,672,1.624,70,0.477,58,0.967,919,44,210,0,1,0
9/14/2017 1:06:25 PM,29.87,65.2,75.4,658,1.614,70,0.474,57,0.968,895,44,0,0,0,0
9/14/2017 1:06:45 PM,29.87,66,74.6,689,1.641,71,0.482,58,0.966,950,44,0,0,0,0
9/14/2017 1:07:05 PM,29.87,66.9,74.4,732,1.69,73,0.496,59,0.964,1022,44,30,0,1,0
9/14/2017 1:07:25 PM,29.87,66.9,72.4,722,1.648,71,0.484,58,0.964,1015,44,0,0,0,0
9/14/2017 1:07:45 PM,29.87,66.7,72,709,1.625,70,0.478,58,0.965,995,44,0,0,0,0
9/14/2017 1:08:05 PM,29.87,68.1,74.2,790,1.759,76,0.516,60,0.96,1120,44,0,0,0,0
9/14/2017 1:08:25 PM,29.87,66.7,73.1,717,1.651,71,0.485,58,0.964,1002,44,0,0,0,0
9/14/2017 1:08:45 PM,29.87,66.5,71.9,697,1.609,69,0.473,57,0.965,975,45,0,0,0,0
9/14/2017 1:09:05 PM,29.87,67.6,70.8,744,1.648,71,0.484,58,0.962,1057,44,0,0,0,0
9/14/2017 1:09:25 PM,29.87,67.5,70.7,737,1.637,71,0.481,58,0.963,1046,45,300,1,3,0
9/14/2017 1:09:45 PM,29.98,67.8,70.3,645,1.642,71,0.484,58,0.966,941,-60,300,1,2,0
9/14/2017 1:10:05 PM,29.87,67.6,69.9,737,1.626,70,0.478,58,0.963,1050,44,300,1,3,0
9/14/2017 1:10:25 PM,29.87,67.5,70.8,739,1.642,71,0.482,58,0.963,1049,45,270,2,3,0
9/14/2017 1:10:45 PM,29.86,67.9,71.6,767,1.682,73,0.494,59,0.961,1091,50,150,1,2,0
9/14/2017 1:11:05 PM,29.87,67.5,71.1,744,1.648,71,0.484,58,0.963,1055,48,270,1,4,0
9/14/2017 1:11:25 PM,29.87,67.9,69.8,753,1.643,71,0.483,58,0.962,1077,45,270,1,2,0
9/14/2017 1:11:45 PM,29.87,67.8,69.3,747,1.626,70,0.478,58,0.962,1068,46,0,0,0,0
9/14/2017 1:12:05 PM,29.87,68.3,70,777,1.67,72,0.491,58,0.96,1115,49,0,0,0,0
9/14/2017 1:12:25 PM,29.87,68.2,69.6,770,1.657,72,0.487,58,0.961,1105,48,0,0,0,0
9/14/2017 1:12:45 PM,29.86,68.1,69.2,762,1.637,71,0.481,58,0.961,1092,50,0,0,0,0
9/14/2017 1:13:05 PM,29.86,67.6,70.6,751,1.645,71,0.483,58,0.962,1068,51,0,0,0,0
9/14/2017 1:13:25 PM,29.87,67.9,69.6,752,1.635,71,0.48,58,0.962,1076,48,0,0,0,0
9/14/2017 1:13:45 PM,29.86,68.4,69.5,779,1.663,72,0.488,58,0.96,1120,50,0,0,0,0
9/14/2017 1:14:05 PM,29.86,67.4,69.3,732,1.603,69,0.471,57,0.963,1042,51,240,1,2,0
9/14/2017 1:14:25 PM,29.86,67.4,70.8,743,1.639,71,0.482,58,0.963,1053,51,270,3,4,0
9/14/2017 1:14:45 PM,29.87,67.8,70.5,754,1.651,71,0.485,58,0.962,1074,48,270,1,3,0
9/14/2017 1:15:05 PM,29.86,67.4,69.9,736,1.616,70,0.475,57,0.963,1045,51,240,0,2,0
9/14/2017 1:15:25 PM,29.86,67.3,70.9,735,1.63,70,0.479,58,0.963,1039,51,0,0,0,0
9/14/2017 1:15:45 PM,29.86,67.4,71.2,742,1.643,71,0.483,58,0.963,1050,51,0,0,0,0
9/14/2017 1:16:05 PM,29.86,68.4,70.3,783,1.679,73,0.493,58,0.96,1123,51,0,0,0,0
9/14/2017 1:16:25 PM,29.86,68.2,69.3,770,1.648,71,0.484,58,0.961,1105,51,270,1,2,0
9/14/2017 1:16:45 PM,29.86,68.1,69,760,1.631,71,0.479,58,0.961,1090,51,0,0,1,0
9/14/2017 1:17:05 PM,29.87,67.3,69.4,723,1.595,69,0.469,57,0.963,1027,48,270,4,4,0
9/14/2017 1:17:25 PM,29.87,66.7,71,709,1.603,69,0.471,57,0.965,996,49,270,2,4,0
9/14/2017 1:17:45 PM,29.87,66,72.1,679,1.59,69,0.467,57,0.966,944,45,0,0,0,0
9/14/2017 1:18:05 PM,29.87,65.8,73.1,676,1.601,69,0.471,57,0.967,934,45,0,0,0,0
9/14/2017 1:18:25 PM,29.87,66.8,72.6,715,1.642,71,0.482,58,0.964,1002,44,0,0,0,0
9/14/2017 1:18:45 PM,29.87,67.6,70.8,745,1.65,71,0.485,58,0.962,1060,44,270,1,2,0
9/14/2017 1:19:05 PM,29.87,67.8,70,746,1.639,71,0.482,58,0.962,1065,44,0,0,1,0
9/14/2017 1:19:25 PM,29.87,67.8,69.2,743,1.621,70,0.477,58,0.962,1064,44,0,0,0,0
9/14/2017 1:19:45 PM,29.87,67.9,69.3,746,1.628,70,0.478,58,0.962,1069,44,300,3,4,0
9/14/2017 1:20:05 PM,29.87,66.6,67.9,677,1.524,66,0.448,56,0.966,959,44,300,2,4,0
9/14/2017 1:20:25 PM,29.87,68.2,69.7,765,1.658,72,0.487,58,0.961,1099,44,300,3,4,0
9/14/2017 1:20:45 PM,29.87,67.7,69.7,740,1.627,70,0.478,58,0.962,1057,44,300,2,3,0
9/14/2017 1:21:05 PM,29.87,67.5,70,732,1.622,70,0.477,58,0.963,1042,44,270,1,3,0
9/14/2017 1:21:25 PM,29.87,67.9,69.6,747,1.634,71,0.48,58,0.962,1069,44,0,0,0,0
9/14/2017 1:21:45 PM,29.87,67.5,70.3,738,1.633,71,0.48,58,0.963,1049,44,0,0,0,0
9/14/2017 1:22:05 PM,29.87,67.9,69.2,749,1.629,70,0.479,58,0.962,1073,44,0,0,0,0
9/14/2017 1:22:25 PM,29.87,68,69.5,752,1.638,71,0.481,58,0.962,1077,44,0,0,0,0
9/14/2017 1:22:45 PM,29.87,68.2,69.9,762,1.658,72,0.487,58,0.961,1093,42,300,1,2,0
9/14/2017 1:23:05 PM,29.87,67.4,70.4,731,1.627,70,0.478,58,0.963,1039,44,0,0,0,0
9/14/2017 1:23:25 PM,29.87,68.2,69,759,1.638,71,0.481,58,0.961,1091,44,0,0,0,0
9/14/2017 1:23:45 PM,29.87,67.7,69.3,738,1.619,70,0.476,57,0.962,1056,43,300,1,4,0
9/14/2017 1:24:05 PM,29.87,68.5,69.1,775,1.658,72,0.487,58,0.96,1117,44,300,3,4,0
9/14/2017 1:24:25 PM,29.87,68.4,68.9,768,1.646,71,0.484,58,0.961,1106,44,330,3,4,0
9/14/2017 1:24:45 PM,29.87,68.3,70.1,771,1.67,72,0.491,58,0.961,1106,44,330,3,4,0
9/14/2017 1:25:05 PM,29.87,67.8,69.5,742,1.626,70,0.478,58,0.962,1061,43,300,4,4,0
9/14/2017 1:25:25 PM,29.87,68,69.5,754,1.64,71,0.482,58,0.962,1082,44,300,2,4,0
9/14/2017 1:25:45 PM,29.87,67.8,69.6,742,1.629,70,0.479,58,0.962,1061,42,330,3,4,0
9/14/2017 1:26:05 PM,29.87,67.4,70.4,732,1.628,70,0.478,58,0.963,1039,44,330,2,4,0
9/14/2017 1:26:25 PM,29.87,67.1,71.6,726,1.64,71,0.482,58,0.964,1025,44,300,0,1,0
9/14/2017 1:26:45 PM,29.87,67.3,70.8,730,1.631,70,0.479,58,0.963,1034,44,0,0,0,0
9/14/2017 1:27:05 PM,29.87,67,71.3,718,1.625,70,0.478,58,0.964,1013,44,0,0,0,0
9/14/2017 1:27:25 PM,29.87,67.6,70.6,741,1.642,71,0.483,58,0.963,1054,44,0,0,1,0
9/14/2017 1:27:45 PM,29.87,67.9,69.4,748,1.631,71,0.479,58,0.962,1071,44,300,1,4,0
9/14/2017 1:28:05 PM,29.87,68.6,68.7,776,1.654,72,0.486,58,0.96,1122,44,300,4,5,0
9/14/2017 1:28:25 PM,29.87,69,68.4,796,1.674,72,0.492,58,0.959,1157,44,300,4,5,0
9/14/2017 1:28:45 PM,29.87,69.1,66.4,786,1.628,70,0.478,58,0.959,1149,44,300,3,4,0
9/14/2017 1:29:05 PM,29.87,68.6,65.8,758,1.585,69,0.466,57,0.961,1104,44,270,3,4,0
9/14/2017 1:29:25 PM,29.87,69.6,66.6,808,1.658,72,0.487,58,0.958,1185,44,300,3,4,0
9/14/2017 1:29:45 PM,29.87,68.6,66.5,762,1.602,69,0.471,57,0.961,1109,44,300,4,4,0
9/14/2017 1:30:05 PM,29.87,68.9,67.4,780,1.638,71,0.482,58,0.96,1134,44,270,3,4,0
9/14/2017 1:30:25 PM,29.87,68.4,68,762,1.626,70,0.478,58,0.961,1102,44,270,4,4,0
9/14/2017 1:30:45 PM,29.87,68.3,68,760,1.624,70,0.477,58,0.961,1097,44,240,2,4,0
9/14/2017 1:31:05 PM,29.87,69.1,67.6,791,1.655,72,0.486,58,0.959,1152,44,270,1,3,0
9/14/2017 1:31:25 PM,29.87,69.3,67.1,800,1.657,72,0.487,58,0.959,1169,44,270,2,3,0
9/14/2017 1:31:45 PM,29.87,68.9,66.5,778,1.62,70,0.476,58,0.96,1135,44,270,2,4,0
9/14/2017 1:32:05 PM,29.87,69.1,65.8,778,1.609,70,0.473,57,0.96,1139,44,270,2,3,0
9/14/2017 1:32:25 PM,29.87,69.8,66.2,819,1.664,72,0.489,58,0.957,1204,44,270,1,2,0
9/14/2017 1:32:45 PM,29.87,69.8,65.7,815,1.652,72,0.486,58,0.957,1201,44,270,0,2,0
9/14/2017 1:33:05 PM,29.87,70.4,65.4,838,1.673,73,0.491,58,0.956,1241,44,0,0,0,0
9/14/2017 1:33:25 PM,29.87,70.1,65.3,823,1.654,72,0.486,58,0.957,1216,44,330,0,2,0
9/14/2017 1:33:45 PM,29.87,69.8,65.7,812,1.649,71,0.485,58,0.958,1196,43,270,0,2,0
9/14/2017 1:34:05 PM,29.87,69.7,65.5,806,1.638,71,0.481,58,0.958,1187,44,0,0,0,0
9/14/2017 1:34:25 PM,29.87,69,66.7,782,1.627,70,0.478,58,0.96,1140,44,150,1,2,0
9/14/2017 1:34:45 PM,29.87,69.3,67.3,800,1.66,72,0.488,58,0.959,1168,44,150,2,4,0
9/14/2017 1:35:05 PM,29.87,68.5,68,768,1.634,71,0.48,58,0.961,1112,44,150,5,5,0
9/14/2017 1:35:25 PM,29.95,67.9,69.4,677,1.63,70,0.48,58,0.965,985,-29,150,5,5,0
9/14/2017 1:35:45 PM,29.87,67.1,69.9,712,1.597,69,0.469,57,0.964,1009,44,150,3,4,0
9/14/2017 1:36:05 PM,29.87,67.6,71,747,1.656,72,0.486,58,0.962,1062,44,150,4,6,0
9/14/2017 1:36:25 PM,29.87,67.9,70.8,755,1.662,72,0.488,58,0.962,1077,44,150,4,5,0
9/14/2017 1:36:45 PM,29.87,68.1,69.6,761,1.651,71,0.485,58,0.961,1093,44,90,4,4,0
9/14/2017 1:37:05 PM,29.87,68.6,70,784,1.685,73,0.495,59,0.96,1128,44,90,4,5,0
9/14/2017 1:37:25 PM,29.87,68.7,69.2,787,1.676,72,0.492,58,0.96,1137,44,90,5,6,0
9/14/2017 1:37:45 PM,29.87,68.8,68.8,789,1.672,72,0.491,58,0.959,1142,44,90,3,4,0
9/14/2017 1:38:05 PM,29.87,69.7,68.1,824,1.702,74,0.5,59,0.957,1205,44,90,2,3,0
9/14/2017 1:38:25 PM,29.87,69.5,67.1,808,1.667,72,0.49,58,0.958,1183,44,60,2,4,0
9/14/2017 1:38:45 PM,29.87,69.1,65.7,781,1.61,70,0.473,57,0.959,1143,44,60,4,5,0
9/14/2017 1:39:05 PM,29.87,69.5,65.6,797,1.627,70,0.478,58,0.958,1171,44,60,2,4,0
9/14/2017 1:39:25 PM,29.87,70.1,65.4,824,1.656,72,0.487,58,0.957,1217,44,60,2,3,0
9/14/2017 1:39:45 PM,29.87,70.5,64.4,834,1.651,72,0.485,58,0.956,1240,44,60,2,3,0
9/14/2017 1:40:05 PM,29.87,71.2,63.9,865,1.68,73,0.494,59,0.954,1293,44,60,1,2,0
9/14/2017 1:40:25 PM,29.87,70.2,63.8,818,1.621,70,0.477,58,0.957,1215,44,90,0,1,0
9/14/2017 1:40:45 PM,29.87,69.2,65.5,781,1.609,70,0.473,57,0.959,1146,43,60,3,4,0
9/14/2017 1:41:05 PM,29.87,68.7,66.8,768,1.613,70,0.474,57,0.96,1116,44,90,2,3,0
9/14/2017 1:41:25 PM,29.87,69,67.1,785,1.639,71,0.482,58,0.959,1144,44,90,2,4,0
9/14/2017 1:41:45 PM,29.87,69.1,67.2,792,1.649,71,0.484,58,0.959,1155,44,90,3,4,0
9/14/2017 1:42:05 PM,29.87,69.1,66.8,789,1.638,71,0.481,58,0.959,1152,44,60,3,4,0
9/14/2017 1:42:25 PM,29.87,69,66.8,781,1.628,70,0.479,58,0.96,1139,44,60,3,5,0
9/14/2017 1:42:45 PM,29.87,69.1,67.3,792,1.651,71,0.485,58,0.959,1155,44,60,4,5,0
9/14/2017 1:43:05 PM,29.87,68.8,67,776,1.627,70,0.478,58,0.96,1130,44,30,3,4,0
9/14/2017 1:43:25 PM,29.87,69.6,66.9,811,1.667,72,0.49,58,0.958,1188,44,90,2,4,0
9/14/2017 1:43:45 PM,29.87,69.4,66.8,801,1.653,72,0.486,58,0.958,1172,44,30,3,4,0
9/14/2017 1:44:05 PM,29.87,70.1,66.4,830,1.68,73,0.494,59,0.957,1223,44,60,3,5,0
9/14/2017 1:44:25 PM,29.87,70.7,65,853,1.685,73,0.495,59,0.955,1268,44,30,2,4,0
9/14/2017 1:44:45 PM,29.87,70.9,63.9,852,1.665,72,0.489,58,0.955,1273,44,30,2,3,0
9/14/2017 1:45:05 PM,29.87,71.9,63.5,895,1.71,74,0.502,59,0.952,1346,44,30,2,4,0
9/14/2017 1:45:25 PM,29.87,71.2,62.8,860,1.655,72,0.486,58,0.954,1292,44,30,5,7,0
9/14/2017 1:45:45 PM,29.87,71.5,63.5,877,1.687,73,0.496,59,0.953,1315,44,30,4,4,0
9/14/2017 1:46:05 PM,29.87,71.6,62.4,874,1.665,72,0.489,58,0.953,1317,44,0,2,3,0
9/14/2017 1:46:25 PM,29.87,71.2,61.9,850,1.627,71,0.478,58,0.955,1279,44,0,3,4,0
9/14/2017 1:46:45 PM,29.87,70.3,63,819,1.608,70,0.473,57,0.957,1221,44,150,5,7,0
9/14/2017 1:47:05 PM,29.87,70.7,62.7,835,1.624,70,0.477,58,0.956,1249,44,150,4,5,0
9/14/2017 1:47:25 PM,29.87,70.3,63.2,818,1.612,70,0.474,57,0.957,1218,44,120,6,7,0
9/14/2017 1:47:45 PM,29.87,70.4,64.2,832,1.644,71,0.483,58,0.956,1236,45,120,5,7,0
9/14/2017 1:48:05 PM,29.87,70.8,63.5,847,1.65,72,0.485,58,0.955,1265,44,150,4,6,0
9/14/2017 1:48:25 PM,29.87,71.5,62,868,1.649,72,0.485,58,0.954,1308,44,270,7,8,0
9/14/2017 1:48:45 PM,29.87,70.3,63.2,817,1.611,70,0.473,57,0.957,1216,44,270,4,7,0
9/14/2017 1:49:05 PM,29.87,69.9,65.1,815,1.64,71,0.482,58,0.957,1204,44,330,1,2,0
9/14/2017 1:49:25 PM,29.87,70.1,64.8,820,1.642,71,0.483,58,0.957,1213,44,270,2,4,0
9/14/2017 1:49:45 PM,29.87,70.1,63.6,813,1.613,70,0.474,57,0.957,1209,44,270,3,4,0
9/14/2017 1:50:05 PM,29.87,69.7,63.6,796,1.592,69,0.468,57,0.958,1179,44,270,3,4,0
9/14/2017 1:50:26 PM,29.87,71.1,63.3,858,1.662,72,0.488,58,0.954,1285,44,300,3,4,0
9/14/2017 1:50:46 PM,29.97,70.9,63.1,748,1.635,71,0.482,58,0.959,1145,-52,300,4,5,0
9/14/2017 1:51:06 PM,29.97,70.9,63.1,748,1.635,71,0.482,58,0.959,1145,-52,300,4,5,0
9/14/2017 1:51:26 PM,29.87,70.5,63.5,831,1.632,71,0.48,58,0.956,1239,44,150,1,2,0
9/14/2017 1:51:46 PM,29.87,70.5,63.3,827,1.624,70,0.477,58,0.956,1234,44,270,3,4,0
9/14/2017 1:52:06 PM,29.87,71.2,62,854,1.634,71,0.48,58,0.954,1286,44,240,3,4,0
9/14/2017 1:52:26 PM,29.87,71.1,62.1,849,1.63,71,0.479,58,0.955,1277,44,270,1,2,0
9/14/2017 1:52:46 PM,29.87,71.1,62.3,851,1.636,71,0.481,58,0.955,1278,44,150,1,2,0
9/14/2017 1:53:06 PM,29.87,70.7,63.1,837,1.631,71,0.479,58,0.956,1250,44,120,1,3,0
9/14/2017 1:53:26 PM,29.87,70.6,63.5,836,1.638,71,0.481,58,0.956,1246,44,0,0,0,0
9/14/2017 1:53:46 PM,29.87,69.6,65,799,1.62,70,0.476,58,0.958,1178,44,0,0,0,0
9/14/2017 1:54:06 PM,29.87,69.9,66,818,1.66,72,0.488,58,0.957,1205,44,0,0,0,0
9/14/2017 1:54:26 PM,29.87,69.3,65.8,789,1.621,70,0.477,58,0.959,1156,44,0,0,0,0
9/14/2017 1:54:46 PM,29.87,69.2,66.1,788,1.625,70,0.478,58,0.959,1153,44,0,0,0,0
9/14/2017 1:55:06 PM,29.87,69.2,65.9,785,1.619,70,0.476,57,0.959,1149,44,120,0,2,0
9/14/2017 1:55:26 PM,29.87,68.8,66.3,771,1.609,70,0.473,57,0.96,1123,44,150,2,4,0
9/14/2017 1:55:46 PM,29.87,69.4,66.9,803,1.657,72,0.487,58,0.958,1176,44,180,3,4,0
9/14/2017 1:56:06 PM,29.87,70.4,65.5,839,1.678,73,0.493,58,0.956,1242,44,90,2,3,0
9/14/2017 1:56:26 PM,29.87,69.9,65.3,817,1.647,71,0.484,58,0.957,1205,44,60,2,3,0
9/14/2017 1:56:46 PM,29.87,69.3,65.5,790,1.619,70,0.476,57,0.959,1160,44,0,0,1,0
9/14/2017 1:57:06 PM,29.87,69.2,67,792,1.645,71,0.483,58,0.959,1156,44,0,0,0,0
9/14/2017 1:57:26 PM,29.87,69.5,67.9,814,1.687,73,0.495,59,0.958,1188,44,0,0,0,0
9/14/2017 1:57:46 PM,29.87,69.4,66.2,797,1.638,71,0.481,58,0.959,1169,44,0,0,0,0
9/14/2017 1:58:06 PM,29.87,70,66.1,826,1.67,72,0.491,58,0.957,1217,44,0,0,0,0
9/14/2017 1:58:26 PM,29.87,70.6,64,840,1.653,72,0.486,58,0.956,1251,43,0,0,0,0
9/14/2017 1:58:46 PM,29.87,70.3,64.8,833,1.658,72,0.487,58,0.956,1235,44,0,0,0,0
9/14/2017 1:59:06 PM,29.87,71.1,65,868,1.704,74,0.5,59,0.954,1294,44,120,0,0,0
9/14/2017 1:59:26 PM,29.87,70.4,64.4,832,1.65,72,0.485,58,0.956,1236,44,90,3,4,0
9/14/2017 1:59:46 PM,29.87,69.3,65.8,790,1.623,70,0.477,58,0.959,1159,44,90,2,4,0
9/14/2017 2:00:06 PM,29.87,69.3,66.3,794,1.636,71,0.481,58,0.959,1163,44,60,2,4,0
9/14/2017 2:00:26 PM,29.87,69.3,65.8,796,1.626,70,0.478,58,0.959,1167,48,60,2,4,0
9/14/2017 2:00:46 PM,29.86,69.4,66.5,806,1.647,71,0.484,58,0.958,1178,50,30,0,2,0
9/14/2017 2:01:06 PM,29.88,69.6,66.6,807,1.661,72,0.488,58,0.958,1185,39,120,3,4,0
9/14/2017 2:01:26 PM,29.86,68.8,66.8,783,1.623,70,0.477,58,0.96,1138,51,120,3,4,0
9/14/2017 2:01:46 PM,29.86,68.8,67.4,785,1.635,71,0.48,58,0.96,1138,51,60,2,3,0
9/14/2017 2:02:06 PM,29.86,69.1,67,796,1.641,71,0.482,58,0.959,1159,51,150,4,5,0
9/14/2017 2:02:26 PM,29.86,68.6,67.7,778,1.63,71,0.479,58,0.96,1125,51,150,4,6,0
9/14/2017 2:02:46 PM,29.86,69.1,67.2,798,1.647,71,0.484,58,0.959,1162,51,120,5,7,0
9/14/2017 2:03:06 PM,29.86,68.6,67.9,778,1.635,71,0.481,58,0.96,1125,51,120,3,4,0
9/14/2017 2:03:26 PM,29.87,68.2,68.8,759,1.632,71,0.48,58,0.961,1091,46,30,1,3,0
9/14/2017 2:03:46 PM,29.86,68,69.2,760,1.634,71,0.48,58,0.961,1089,51,180,2,4,0
9/14/2017 2:04:06 PM,29.86,67.6,70,748,1.631,70,0.479,58,0.962,1065,51,180,6,8,0
9/14/2017 2:04:26 PM,29.86,68.6,68.9,785,1.66,72,0.488,58,0.96,1132,51,150,5,6,0
9/14/2017 2:04:46 PM,29.86,68.7,67.6,784,1.637,71,0.481,58,0.96,1136,51,180,5,5,0
9/14/2017 2:05:06 PM,29.86,69.3,67.4,808,1.662,72,0.488,58,0.958,1178,51,180,4,5,0
9/14/2017 2:05:26 PM,29.86,69.4,66.4,806,1.643,71,0.483,58,0.958,1178,51,180,3,4,0
9/14/2017 2:05:46 PM,29.86,69.2,66.7,800,1.641,71,0.482,58,0.959,1167,51,150,4,5,0
9/14/2017 2:06:06 PM,29.86,69.8,66.5,824,1.667,72,0.49,58,0.957,1209,51,150,1,4,0
9/14/2017 2:06:26 PM,29.86,70,65.8,831,1.663,72,0.489,58,0.957,1223,51,150,4,7,0
9/14/2017 2:06:46 PM,29.86,69.7,66.5,823,1.666,72,0.49,58,0.957,1208,51,150,6,7,0
9/14/2017 2:07:06 PM,29.86,69.3,66,797,1.625,70,0.478,58,0.959,1166,51,90,5,6,0
9/14/2017 2:07:26 PM,29.86,69.7,66.6,823,1.667,72,0.49,58,0.957,1207,51,120,3,5,0
9/14/2017 2:07:46 PM,29.86,70.3,66,848,1.687,73,0.495,59,0.956,1252,51,120,2,4,0
9/14/2017 2:08:06 PM,29.86,69.9,65.5,822,1.648,71,0.484,58,0.957,1211,51,150,5,6,0
9/14/2017 2:08:26 PM,29.87,70.5,64.8,845,1.667,72,0.49,58,0.956,1254,47,180,4,7,0
9/14/2017 2:08:46 PM,29.86,69.3,66,797,1.626,70,0.478,58,0.959,1166,51,180,5,6,0
9/14/2017 2:09:06 PM,29.86,69.4,66.5,806,1.645,71,0.483,58,0.958,1177,51,210,5,7,0
9/14/2017 2:09:26 PM,29.86,68.9,67.4,788,1.639,71,0.482,58,0.959,1144,51,240,5,5,0
9/14/2017 2:09:46 PM,29.86,69.5,67.1,817,1.669,72,0.49,58,0.958,1194,51,180,5,6,0
9/14/2017 2:10:06 PM,29.86,70,66.1,832,1.669,72,0.49,58,0.957,1223,51,180,4,5,0
9/14/2017 2:10:26 PM,29.86,69.4,65.6,801,1.624,70,0.477,58,0.958,1174,51,150,6,7,0
9/14/2017 2:10:46 PM,29.86,69.5,66.9,814,1.66,72,0.488,58,0.958,1190,51,150,6,8,0
9/14/2017 2:11:06 PM,29.86,69.9,66.3,829,1.669,72,0.49,58,0.957,1218,51,180,6,8,0
9/14/2017 2:11:26 PM,29.86,69.2,66.8,800,1.643,71,0.483,58,0.959,1167,51,180,6,8,0
9/14/2017 2:11:46 PM,29.86,69.7,66.3,820,1.658,72,0.487,58,0.957,1204,51,180,5,7,0
9/14/2017 2:12:06 PM,29.86,69.5,66.1,809,1.641,71,0.482,58,0.958,1185,51,150,7,8,0
9/14/2017 2:12:26 PM,29.86,69,66.9,790,1.633,71,0.48,58,0.959,1150,51,150,8,8,0
9/14/2017 2:12:46 PM,29.86,68.8,67,785,1.627,70,0.478,58,0.96,1140,51,150,7,8,0
9/14/2017 2:13:06 PM,29.86,68.7,67.9,784,1.64,71,0.482,58,0.96,1134,51,150,5,7,0
9/14/2017 2:13:26 PM,29.87,68.4,67.6,765,1.618,70,0.476,57,0.961,1106,48,150,5,6,0
9/14/2017 2:13:46 PM,29.86,68.8,67.5,784,1.636,71,0.481,58,0.96,1137,51,150,7,9,0
9/14/2017 2:14:06 PM,29.86,67.9,68.3,749,1.606,69,0.472,57,0.962,1074,51,150,8,10,0
9/14/2017 2:14:26 PM,29.86,68.5,69,782,1.657,72,0.487,58,0.96,1127,51,150,7,8,0
9/14/2017 2:14:46 PM,29.86,68.2,69.1,770,1.644,71,0.483,58,0.961,1106,51,150,6,7,0
9/14/2017 2:15:06 PM,29.86,67.9,68.6,750,1.613,70,0.474,57,0.962,1075,51,150,7,8,0
9/14/2017 2:15:26 PM,29.86,68.9,68.7,798,1.671,72,0.491,58,0.959,1154,51,150,7,8,0
9/14/2017 2:15:46 PM,29.86,69.6,68,828,1.695,73,0.498,59,0.957,1207,51,150,6,8,0
9/14/2017 2:16:06 PM,29.86,69.1,67.3,798,1.648,71,0.484,58,0.959,1161,51,150,5,5,0
9/14/2017 2:16:26 PM,30.04,68.5,67.1,603,1.601,69,0.474,57,0.968,910,-114,150,6,7,0
9/14/2017 2:16:46 PM,30.04,68.5,67.1,603,1.601,69,0.474,57,0.968,910,-114,150,6,7,0
9/14/2017 2:17:06 PM,29.86,68.6,68.6,783,1.652,71,0.485,58,0.96,1130,51,150,12,8,0
9/14/2017 2:17:26 PM,29.86,68.1,67.8,756,1.607,69,0.472,57,0.961,1088,51,150,7,8,0
9/14/2017 2:17:46 PM,29.86,67.9,69.1,751,1.622,70,0.477,58,0.962,1074,51,150,7,8,0
9/14/2017 2:18:06 PM,29.86,67.5,69.8,739,1.618,70,0.475,57,0.963,1051,51,150,7,8,0
9/14/2017 2:18:26 PM,29.87,67.3,69.8,720,1.605,69,0.472,57,0.964,1023,42,150,3,5,0
9/14/2017 2:18:46 PM,29.86,68.4,69.1,780,1.656,72,0.486,58,0.96,1122,51,150,5,7,0
9/14/2017 2:19:06 PM,29.86,69.1,68.5,808,1.68,73,0.493,58,0.958,1172,51,150,4,5,0
9/14/2017 2:19:26 PM,29.86,69,68.3,803,1.671,72,0.491,58,0.959,1164,51,150,3,6,0
9/14/2017 2:19:46 PM,29.86,68.9,66.9,789,1.632,71,0.48,58,0.959,1148,51,150,6,8,0
9/14/2017 2:20:06 PM,29.86,68.5,68,774,1.632,71,0.48,58,0.96,1118,51,150,7,8,0
9/14/2017 2:20:26 PM,29.86,68,68.9,760,1.629,70,0.479,58,0.961,1090,51,150,6,7,0
9/14/2017 2:20:46 PM,29.86,67.8,69.6,755,1.634,71,0.48,58,0.962,1078,51,150,4,6,0
9/14/2017 2:21:06 PM,29.86,68.7,69.3,794,1.676,72,0.492,58,0.959,1146,51,150,3,4,0
9/14/2017 2:21:26 PM,29.86,69.4,67.4,815,1.671,72,0.491,58,0.958,1189,51,150,3,5,0
9/14/2017 2:21:46 PM,29.86,68.9,67.2,789,1.637,71,0.481,58,0.959,1147,51,150,3,5,0
9/14/2017 2:22:06 PM,29.86,69.6,66.9,822,1.672,72,0.491,58,0.957,1204,51,120,3,4,0
9/14/2017 2:22:26 PM,29.86,69.6,66.5,819,1.661,72,0.488,58,0.957,1201,51,90,4,5,0
9/14/2017 2:22:46 PM,29.86,69.7,66.6,821,1.665,72,0.489,58,0.957,1203,51,120,1,4,0
9/14/2017 2:23:06 PM,29.86,69.6,66.7,817,1.662,72,0.488,58,0.958,1196,51,0,0,0,0
9/14/2017 2:23:26 PM,29.87,70.2,64.7,821,1.644,71,0.483,58,0.957,1217,41,0,0,0,0
9/14/2017 2:23:46 PM,29.86,70.3,64.9,840,1.658,72,0.487,58,0.956,1243,51,0,0,0,0
9/14/2017 2:24:06 PM,29.86,70,65.6,832,1.662,72,0.488,58,0.957,1226,51,120,4,4,0
9/14/2017 2:24:26 PM,29.86,70.4,65.6,850,1.683,73,0.494,59,0.955,1257,51,120,2,4,0
9/14/2017 2:24:46 PM,29.86,69.6,64.9,806,1.619,70,0.476,57,0.958,1186,51,150,6,7,0
9/14/2017 2:25:06 PM,29.86,69.6,66.3,816,1.655,72,0.486,58,0.958,1197,51,150,7,8,0
9/14/2017 2:25:26 PM,29.86,69,67.3,793,1.642,71,0.482,58,0.959,1153,51,150,7,8,0
9/14/2017 2:25:46 PM,29.86,69.4,67,812,1.662,72,0.488,58,0.958,1186,51,150,6,8,0
9/14/2017 2:26:06 PM,29.86,68.9,67.3,789,1.637,71,0.481,58,0.959,1146,51,150,6,7,0
9/14/2017 2:26:29 PM,29.86,69.1,67,795,1.64,71,0.482,58,0.959,1158,51,150,5,6,0
9/14/2017 2:26:46 PM,29.87,69.3,67.4,803,1.664,72,0.489,58,0.958,1172,45,120,5,6,0
9/14/2017 2:27:06 PM,29.86,69,66.5,786,1.621,70,0.476,58,0.959,1146,51,150,3,4,0
9/14/2017 2:27:26 PM,29.86,68.7,67.5,781,1.632,71,0.48,58,0.96,1132,51,180,5,6,0
9/14/2017 2:27:46 PM,29.86,67.9,68.8,754,1.619,70,0.476,57,0.962,1080,51,180,4,6,0
9/14/2017 2:28:06 PM,29.86,67.5,69.5,738,1.613,70,0.474,57,0.963,1051,50,180,0,3,0
9/14/2017 2:28:26 PM,29.89,68.2,69.1,746,1.64,71,0.482,58,0.962,1075,30,0,0,0,0
9/14/2017 2:28:46 PM,29.86,68.2,68.8,768,1.637,71,0.481,58,0.961,1103,51,90,3,4,0
9/14/2017 2:29:06 PM,29.86,68.5,68.5,777,1.643,71,0.483,58,0.96,1120,51,120,3,4,0
9/14/2017 2:29:26 PM,29.86,68.5,68.7,778,1.647,71,0.484,58,0.96,1122,51,90,1,4,0
9/14/2017 2:29:46 PM,29.86,67.8,66.4,731,1.555,67,0.457,56,0.963,1053,51,0,0,0,0
9/14/2017 2:30:06 PM,29.86,69.5,66.9,815,1.661,72,0.488,58,0.958,1191,51,120,2,4,0
9/14/2017 2:30:26 PM,29.86,69.4,66.1,807,1.64,71,0.482,58,0.958,1182,51,90,3,4,0
9/14/2017 2:30:46 PM,29.86,69.8,66.3,825,1.663,72,0.489,58,0.957,1211,51,120,3,4,0
9/14/2017 2:31:06 PM,29.86,70.2,65.5,838,1.667,72,0.49,58,0.956,1237,51,90,5,5,0
9/14/2017 2:31:26 PM,29.86,69.4,67.1,813,1.664,72,0.489,58,0.958,1188,51,120,5,7,0
9/14/2017 2:31:46 PM,29.86,69.3,66.9,803,1.648,71,0.484,58,0.958,1172,51,90,6,8,0
9/14/2017 2:32:06 PM,29.86,69.3,67.3,807,1.66,72,0.488,58,0.958,1176,51,90,6,7,0
9/14/2017 2:32:26 PM,29.86,69.4,67.4,812,1.668,72,0.49,58,0.958,1185,51,90,6,8,0
9/14/2017 2:32:46 PM,29.86,69.7,67.5,830,1.69,73,0.496,59,0.957,1213,52,90,6,6,0
9/14/2017 2:33:06 PM,29.86,69.5,67.1,819,1.67,72,0.491,58,0.958,1196,52,90,6,7,0
9/14/2017 2:33:26 PM,29.88,70.3,65.9,830,1.683,73,0.495,59,0.956,1230,34,150,5,6,0
9/14/2017 2:33:46 PM,29.86,69.2,66.1,797,1.628,70,0.478,58,0.959,1165,51,150,8,8,0
9/14/2017 2:34:06 PM,29.86,68.9,67.7,795,1.649,71,0.484,58,0.959,1153,54,150,7,9,0
9/14/2017 2:34:26 PM,29.86,70.1,66.8,848,1.695,73,0.498,59,0.956,1244,57,180,6,7,0
9/14/2017 2:34:46 PM,29.86,69.6,64.6,808,1.608,70,0.473,57,0.958,1188,57,150,7,9,0
9/14/2017 2:35:06 PM,29.86,70.4,65.7,856,1.687,73,0.495,59,0.955,1264,56,150,6,7,0
9/14/2017 2:35:26 PM,29.86,70.7,64.6,855,1.671,72,0.491,58,0.955,1269,51,90,6,7,0
9/14/2017 2:35:46 PM,29.86,70.1,65.1,837,1.651,72,0.485,58,0.956,1234,58,90,6,7,0
9/14/2017 2:36:06 PM,29.86,69.9,65.7,830,1.655,72,0.486,58,0.957,1220,55,150,5,6,0
9/14/2017 2:36:26 PM,29.86,70.1,65.9,841,1.674,73,0.492,58,0.956,1239,55,150,5,5,0
9/14/2017 2:36:46 PM,29.86,69.6,66.2,820,1.649,71,0.484,58,0.957,1200,58,150,6,7,0
9/14/2017 2:37:06 PM,29.86,69.6,67.3,824,1.675,73,0.492,58,0.957,1203,55,150,4,5,0
9/14/2017 2:37:26 PM,29.86,69.5,67,818,1.667,72,0.49,58,0.958,1196,52,150,6,7,0
9/14/2017 2:37:46 PM,29.86,69.6,65.7,810,1.637,71,0.481,58,0.958,1190,51,150,6,8,0
9/14/2017 2:38:06 PM,29.86,68.8,67.5,784,1.635,71,0.48,58,0.96,1137,51,180,6,7,0
9/14/2017 2:38:26 PM,29.91,69.5,68.2,785,1.694,73,0.498,59,0.959,1154,11,180,2,4,0
9/14/2017 2:38:46 PM,29.86,69.9,65.5,825,1.651,72,0.485,58,0.957,1216,51,180,2,5,0
9/14/2017 2:39:06 PM,29.86,69.6,66,812,1.644,71,0.483,58,0.958,1191,51,180,5,5,0
9/14/2017 2:39:26 PM,29.86,70.1,65.9,835,1.669,72,0.49,58,0.956,1230,51,150,4,6,0
9/14/2017 2:39:46 PM,29.86,69.5,66.4,812,1.65,71,0.485,58,0.958,1188,51,150,7,8,0
9/14/2017 2:40:06 PM,29.86,69.2,67,802,1.647,71,0.484,58,0.959,1169,51,150,4,6,0
9/14/2017 2:40:26 PM,29.86,70.4,65.4,847,1.676,73,0.492,58,0.956,1252,51,150,2,4,0
9/14/2017 2:40:46 PM,29.86,69.7,66,819,1.652,72,0.485,58,0.957,1203,51,30,0,2,0
9/14/2017 2:41:06 PM,29.86,70.1,64.9,830,1.645,71,0.483,58,0.957,1226,51,150,5,9,0
9/14/2017 2:41:26 PM,29.86,69.8,65.8,822,1.651,72,0.485,58,0.957,1208,51,150,10,11,0
9/14/2017 2:41:46 PM,29.86,70,65.3,829,1.653,72,0.486,58,0.957,1223,51,150,7,10,0
9/14/2017 2:42:06 PM,30.04,71.1,65,714,1.698,74,0.501,59,0.961,1107,-112,180,5,6,0
9/14/2017 2:42:26 PM,30.04,71.1,65,714,1.698,74,0.501,59,0.961,1107,-112,180,5,6,0
9/14/2017 2:42:46 PM,29.86,69.1,66.4,792,1.627,70,0.478,58,0.959,1155,51,150,13,9,0
9/14/2017 2:43:06 PM,29.86,69,67.2,794,1.641,71,0.482,58,0.959,1155,51,150,5,6,0
9/14/2017 2:43:26 PM,29.91,69.6,67.6,779,1.685,73,0.496,59,0.959,1149,5,120,1,4,0
9/14/2017 2:43:46 PM,29.86,69.6,66.7,820,1.666,72,0.489,58,0.957,1201,51,120,6,9,0
9/14/2017 2:44:06 PM,29.86,70.1,66.8,844,1.695,73,0.498,59,0.956,1241,51,150,6,8,0
9/14/2017 2:44:26 PM,29.86,71,65.5,880,1.718,74,0.504,59,0.954,1306,51,90,2,3,0
9/14/2017 2:44:46 PM,29.86,70.1,65.3,830,1.654,72,0.486,58,0.957,1225,51,90,5,5,0
9/14/2017 2:45:06 PM,29.86,70,66,830,1.665,72,0.489,58,0.957,1221,51,120,5,5,0
9/14/2017 2:45:26 PM,29.86,69.6,66.6,818,1.661,72,0.488,58,0.958,1198,51,90,6,8,0
9/14/2017 2:45:46 PM,29.86,68.7,66.8,783,1.616,70,0.475,57,0.96,1136,57,90,4,6,0
9/14/2017 2:46:06 PM,29.86,69,68.2,809,1.669,72,0.49,58,0.958,1172,58,30,1,4,0
9/14/2017 2:46:26 PM,29.86,69.2,67.8,811,1.669,72,0.49,58,0.958,1179,55,90,1,4,0
9/14/2017 2:46:46 PM,29.86,69.9,67.3,842,1.699,74,0.499,59,0.956,1233,54,90,3,5,0
9/14/2017 2:47:06 PM,29.86,70.4,66.8,857,1.711,74,0.502,59,0.955,1262,53,120,3,6,0
9/14/2017 2:47:26 PM,29.86,70.1,68,860,1.728,75,0.507,59,0.955,1258,58,90,6,7,0
9/14/2017 2:47:46 PM,29.86,70.3,66.7,854,1.705,74,0.501,59,0.955,1257,51,150,4,7,0
9/14/2017 2:48:06 PM,29.86,70.7,66.2,873,1.717,74,0.504,59,0.954,1290,55,150,6,7,0
9/14/2017 2:48:26 PM,29.96,70.5,65.6,762,1.68,73,0.495,59,0.959,1149,-37,180,7,9,0
9/14/2017 2:48:46 PM,29.86,71.2,64.2,878,1.691,73,0.497,59,0.954,1309,52,180,4,7,0
9/14/2017 2:49:06 PM,29.86,70.7,64.4,857,1.67,72,0.491,58,0.955,1274,52,150,6,7,0
9/14/2017 2:49:26 PM,29.86,69.6,66,812,1.642,71,0.482,58,0.958,1191,52,150,6,8,0
9/14/2017 2:49:46 PM,29.86,69.7,67,828,1.678,73,0.493,58,0.957,1213,53,120,6,8,0
9/14/2017 2:50:06 PM,29.86,69.2,67.3,805,1.654,72,0.486,58,0.958,1172,53,150,8,11,0
9/14/2017 2:50:26 PM,29.86,69.4,67.4,812,1.667,72,0.49,58,0.958,1184,52,150,8,8,0
9/14/2017 2:50:46 PM,29.86,70.3,66.3,855,1.694,73,0.497,59,0.955,1258,57,150,6,7,0
9/14/2017 2:51:06 PM,29.86,70.6,65.7,862,1.697,74,0.498,59,0.955,1275,53,150,5,6,0
9/14/2017 2:51:26 PM,29.86,70.6,65.6,865,1.694,73,0.497,59,0.955,1279,58,120,5,6,0
9/14/2017 2:51:46 PM,29.85,70.3,65.6,854,1.678,73,0.493,58,0.955,1259,59,150,7,8,0
9/14/2017 2:52:09 PM,29.85,70.2,65.7,848,1.673,73,0.491,58,0.956,1248,59,150,6,8,0
9/14/2017 2:52:26 PM,29.85,70.5,65.2,857,1.676,73,0.492,58,0.955,1267,59,150,7,8,0
9/14/2017 2:52:46 PM,29.86,70.2,65.5,847,1.67,72,0.49,58,0.956,1248,58,150,8,8,0
9/14/2017 2:53:06 PM,29.85,70.2,65.7,849,1.674,73,0.491,58,0.956,1251,59,150,8,10,0
9/14/2017 2:53:26 PM,29.86,70.1,66,840,1.672,72,0.491,58,0.956,1236,56,150,7,9,0
9/14/2017 2:53:46 PM,29.85,69.4,67,819,1.66,72,0.487,58,0.958,1195,59,150,9,10,0
9/14/2017 2:54:06 PM,29.85,69.6,67.4,830,1.679,73,0.493,58,0.957,1210,59,150,7,8,0
9/14/2017 2:54:26 PM,29.85,69.6,67.3,832,1.681,73,0.493,58,0.957,1214,59,150,6,7,0
9/14/2017 2:54:46 PM,29.85,69.9,67.2,844,1.694,73,0.497,59,0.956,1235,59,180,6,7,0
9/14/2017 2:55:06 PM,29.85,70.4,67,868,1.72,75,0.505,59,0.955,1276,59,180,8,9,0
9/14/2017 2:55:26 PM,29.85,70.4,66.3,863,1.701,74,0.499,59,0.955,1272,59,180,7,9,0
9/14/2017 2:55:46 PM,29.86,70.2,65.4,845,1.665,72,0.489,58,0.956,1247,58,180,7,8,0
9/14/2017 2:56:06 PM,29.85,69.3,66.3,809,1.636,71,0.481,58,0.958,1182,59,210,5,6,0
9/14/2017 2:56:26 PM,29.85,69.6,67.1,831,1.675,73,0.492,58,0.957,1213,59,210,5,6,0
9/14/2017 2:56:46 PM,29.85,70.5,66.8,868,1.717,74,0.504,59,0.955,1278,59,210,4,6,0
9/14/2017 2:57:06 PM,29.85,70.9,64.5,871,1.68,73,0.493,58,0.954,1293,59,150,5,8,0
9/14/2017 2:57:26 PM,29.85,70,65.8,841,1.666,72,0.489,58,0.956,1237,59,150,8,9,0
9/14/2017 2:57:46 PM,29.85,69.8,65.9,832,1.658,72,0.487,58,0.957,1222,59,150,9,10,0
9/14/2017 2:58:06 PM,29.85,69.5,66.7,824,1.66,72,0.487,58,0.957,1203,59,150,9,11,0
9/14/2017 2:58:26 PM,29.99,69,67,673,1.631,71,0.481,58,0.964,1008,-67,150,9,10,0
9/14/2017 2:58:46 PM,29.85,69.4,67.7,824,1.678,73,0.493,58,0.957,1199,59,150,8,9,0
9/14/2017 2:59:06 PM,29.86,69.4,67.1,819,1.663,72,0.488,58,0.958,1194,58,150,7,8,0
9/14/2017 2:59:26 PM,29.85,69.9,67.1,844,1.693,73,0.497,59,0.956,1236,59,150,8,8,0
9/14/2017 2:59:46 PM,29.85,69.7,67.1,833,1.677,73,0.493,58,0.957,1217,59,120,8,9,0
9/14/2017 3:00:06 PM,29.85,68.8,67.8,797,1.646,71,0.483,58,0.959,1154,59,120,7,8,0
9/14/2017 3:00:26 PM,29.85,69.5,67.4,829,1.679,73,0.493,58,0.957,1209,59,120,6,7,0
9/14/2017 3:00:46 PM,29.85,69.5,66.8,821,1.659,72,0.487,58,0.957,1199,59,120,7,9,0
9/14/2017 3:01:06 PM,29.85,69,67.1,799,1.638,71,0.481,58,0.959,1161,59,150,7,8,0
9/14/2017 3:01:26 PM,29.85,68.8,67.9,799,1.65,71,0.485,58,0.959,1156,59,150,7,8,0
9/14/2017 3:01:46 PM,29.85,70.4,68.3,878,1.754,76,0.515,60,0.954,1287,59,210,5,7,0
9/14/2017 3:02:06 PM,29.86,69.8,66.1,831,1.661,72,0.488,58,0.957,1218,58,180,6,7,0
9/14/2017 3:02:26 PM,29.86,69.6,65.9,819,1.643,71,0.483,58,0.957,1200,58,150,8,9,0
9/14/2017 3:02:46 PM,29.85,69.5,66.4,818,1.649,71,0.484,58,0.958,1196,59,150,6,8,0
9/14/2017 3:03:06 PM,29.85,69.5,65.3,811,1.622,70,0.476,58,0.958,1189,59,210,5,6,0
9/14/2017 3:03:26 PM,29.95,69.6,66,731,1.641,71,0.483,58,0.961,1093,-30,180,5,6,0
9/14/2017 3:03:46 PM,29.85,68.4,64.3,754,1.538,67,0.452,56,0.961,1098,59,180,8,9,0
9/14/2017 3:04:06 PM,29.86,70,67,848,1.696,73,0.498,59,0.956,1243,58,210,7,8,0
9/14/2017 3:04:26 PM,29.85,70.1,67.8,858,1.721,75,0.505,59,0.956,1255,59,210,7,8,0
9/14/2017 3:04:46 PM,29.85,68.6,66.2,775,1.595,69,0.469,57,0.96,1125,59,210,6,7,0
9/14/2017 3:05:06 PM,29.86,68.9,67.1,795,1.633,71,0.48,58,0.959,1154,58,210,6,7,0
9/14/2017 3:05:26 PM,29.85,68.4,66.5,770,1.592,69,0.468,57,0.96,1114,59,180,7,8,0
9/14/2017 3:05:46 PM,29.85,68.3,68,772,1.62,70,0.476,57,0.961,1111,59,180,6,7,0
9/14/2017 3:06:06 PM,29.85,69,66.7,796,1.626,70,0.478,58,0.959,1156,59,180,3,5,0
9/14/2017 3:06:26 PM,29.85,70.6,65,860,1.675,73,0.492,58,0.955,1272,59,90,0,2,0
9/14/2017 3:06:46 PM,29.85,70.2,64.8,841,1.648,71,0.484,58,0.956,1241,59,0,0,0,0
9/14/2017 3:07:06 PM,29.85,70.9,65.4,879,1.705,74,0.501,59,0.954,1303,59,0,0,0,0
9/14/2017 3:07:26 PM,29.85,70.6,64.8,859,1.672,72,0.491,58,0.955,1272,59,0,0,0,0
9/14/2017 3:07:46 PM,30.01,70.3,64.7,702,1.641,71,0.485,58,0.962,1073,-81,180,1,2,0
9/14/2017 3:08:06 PM,30.01,70.3,64.7,702,1.641,71,0.485,58,0.962,1073,-81,180,1,2,0
9/14/2017 3:08:26 PM,29.96,71.7,63,799,1.682,73,0.496,59,0.957,1227,-41,150,2,3,0
9/14/2017 3:08:46 PM,29.85,72.3,62,920,1.696,74,0.498,59,0.951,1388,59,180,4,4,0
9/14/2017 3:09:06 PM,29.85,71.4,61.7,876,1.637,71,0.481,58,0.953,1316,59,180,6,7,0
9/14/2017 3:09:26 PM,29.85,71.8,62.5,901,1.681,73,0.494,59,0.952,1355,59,210,7,8,0
9/14/2017 3:09:46 PM,29.85,70.9,63,861,1.642,71,0.482,58,0.955,1284,59,180,8,8,0
9/14/2017 3:10:06 PM,29.85,70.5,64.4,850,1.653,72,0.485,58,0.955,1259,59,180,7,8,0
9/14/2017 3:10:26 PM,29.85,70.7,65.1,865,1.683,73,0.494,59,0.955,1281,59,180,7,8,0
9/14/2017 3:10:46 PM,29.85,70.4,65.2,853,1.671,72,0.491,58,0.955,1260,59,180,7,10,0
9/14/2017 3:11:06 PM,29.85,70,64.8,830,1.637,71,0.481,58,0.957,1224,59,210,9,11,0
9/14/2017 3:11:26 PM,29.85,71.2,65.1,894,1.719,75,0.504,59,0.953,1328,59,210,7,9,0
9/14/2017 3:11:46 PM,29.85,70.8,63.5,860,1.65,72,0.485,58,0.955,1281,59,180,6,9,0
9/14/2017 3:12:06 PM,29.85,69.9,64.5,825,1.626,70,0.478,58,0.957,1217,59,180,9,11,0
9/14/2017 3:12:26 PM,29.85,70.6,65,860,1.676,73,0.492,58,0.955,1273,59,150,7,8,0
9/14/2017 3:12:46 PM,29.85,71.1,64.9,885,1.704,74,0.5,59,0.953,1315,59,180,7,8,0
9/14/2017 3:13:06 PM,29.85,71.7,62.9,900,1.687,73,0.495,59,0.952,1350,59,120,7,10,0
9/14/2017 3:13:26 PM,29.99,70.4,63.5,717,1.62,70,0.478,58,0.961,1097,-65,150,10,11,0
9/14/2017 3:13:46 PM,29.85,70.1,65.6,840,1.661,72,0.488,58,0.956,1237,59,150,9,11,0
9/14/2017 3:14:06 PM,29.85,69.6,66.3,825,1.655,72,0.486,58,0.957,1208,59,150,10,11,0
9/14/2017 3:14:26 PM,29.85,70.1,67.2,853,1.705,74,0.501,59,0.956,1250,59,150,7,10,0
9/14/2017 3:14:46 PM,29.85,71.7,64.7,911,1.733,75,0.509,59,0.952,1359,59,120,3,5,0
9/14/2017 3:15:06 PM,29.85,70.6,63.7,852,1.644,71,0.483,58,0.955,1266,59,150,7,10,0
9/14/2017 3:15:26 PM,29.85,70.2,65.4,847,1.667,72,0.489,58,0.956,1249,59,150,10,11,0
9/14/2017 3:15:46 PM,29.85,70.3,64.6,847,1.653,72,0.486,58,0.956,1252,59,150,8,10,0
9/14/2017 3:16:06 PM,29.85,70.9,65.4,881,1.707,74,0.501,59,0.954,1306,59,180,5,8,0
9/14/2017 3:16:26 PM,29.85,71.3,64.3,889,1.698,74,0.499,59,0.953,1325,59,150,5,6,0
9/14/2017 3:16:46 PM,29.85,70.6,65.4,867,1.69,73,0.496,59,0.955,1282,59,150,6,6,0
9/14/2017 3:17:06 PM,29.85,70.8,65,871,1.689,73,0.496,59,0.954,1290,59,150,5,6,0
9/14/2017 3:17:26 PM,29.85,70.7,64.8,866,1.679,73,0.493,58,0.954,1284,59,120,8,12,0
9/14/2017 3:17:49 PM,29.85,70.2,65.5,847,1.669,72,0.49,58,0.956,1248,59,150,8,10,0
9/14/2017 3:18:06 PM,29.85,69.8,66.1,832,1.66,72,0.487,58,0.957,1220,59,150,9,11,0
9/14/2017 3:18:26 PM,29.96,70.1,66.7,758,1.689,73,0.498,59,0.96,1136,-34,150,9,11,0
9/14/2017 3:18:46 PM,29.85,70.5,65.4,859,1.681,73,0.494,59,0.955,1268,59,150,5,7,0
9/14/2017 3:19:06 PM,29.85,71.3,65.4,896,1.728,75,0.507,59,0.953,1331,59,150,6,8,0
9/14/2017 3:19:26 PM,29.85,72.3,63.9,933,1.745,76,0.512,60,0.95,1401,59,180,4,7,0
9/14/2017 3:19:46 PM,29.85,71.3,63.2,880,1.668,72,0.49,58,0.953,1315,59,180,7,8,0
9/14/2017 3:20:06 PM,29.85,69.8,64.5,819,1.618,70,0.475,57,0.957,1205,59,210,8,10,0
9/14/2017 3:20:26 PM,29.85,70.9,65,874,1.692,73,0.497,59,0.954,1296,59,180,7,10,0
9/14/2017 3:20:46 PM,29.85,70.3,64.5,844,1.648,71,0.484,58,0.956,1249,59,180,8,9,0
9/14/2017 3:21:06 PM,29.85,69.9,64.9,827,1.634,71,0.48,58,0.957,1218,59,180,7,8,0
9/14/2017 3:21:26 PM,29.85,69.7,65.1,819,1.627,70,0.478,58,0.957,1203,59,180,7,8,0
9/14/2017 3:21:46 PM,29.85,71.3,64.8,894,1.713,74,0.503,59,0.953,1330,59,210,5,7,0
9/14/2017 3:22:06 PM,29.85,72.1,63.3,923,1.722,75,0.505,59,0.951,1386,59,150,4,8,0
9/14/2017 3:22:26 PM,29.85,71.3,62.6,879,1.657,72,0.487,58,0.953,1317,59,210,5,7,0
9/14/2017 3:22:46 PM,29.85,71.1,64.6,884,1.697,74,0.498,59,0.953,1315,59,180,5,6,0
9/14/2017 3:23:06 PM,29.85,71.6,63.6,897,1.696,74,0.498,59,0.953,1342,59,150,7,10,0
9/14/2017 3:23:26 PM,29.97,71.8,63.6,801,1.702,74,0.502,59,0.956,1229,-47,150,6,8,0
9/14/2017 3:23:46 PM,29.85,72.2,62.9,925,1.718,75,0.504,59,0.951,1392,59,150,6,8,0
9/14/2017 3:24:06 PM,29.85,72.6,61.5,929,1.697,74,0.498,59,0.95,1406,59,150,5,7,0
9/14/2017 3:24:26 PM,29.85,71.2,63.2,878,1.666,72,0.489,58,0.954,1311,59,150,7,9,0
9/14/2017 3:24:46 PM,29.85,70.8,63.8,862,1.658,72,0.487,58,0.955,1282,59,150,6,8,0
9/14/2017 3:25:06 PM,29.85,70.4,64.9,850,1.663,72,0.488,58,0.955,1257,59,150,10,11,0
9/14/2017 3:25:26 PM,29.85,68.9,66,790,1.609,70,0.473,57,0.959,1151,59,150,8,9,0
9/14/2017 3:25:46 PM,29.85,69.3,66.9,811,1.648,71,0.484,58,0.958,1182,59,150,7,8,0
9/14/2017 3:26:06 PM,29.85,69.6,66.4,825,1.657,72,0.487,58,0.957,1208,59,150,9,10,0
9/14/2017 3:26:26 PM,29.85,69.4,66.5,815,1.646,71,0.484,58,0.958,1189,59,150,8,9,0
9/14/2017 3:26:46 PM,29.85,69.7,66.5,831,1.666,72,0.489,58,0.957,1217,59,150,7,8,0
9/14/2017 3:27:06 PM,29.85,70.8,64.7,868,1.68,73,0.493,58,0.954,1287,59,150,7,8,0
9/14/2017 3:27:26 PM,29.85,70.7,65,864,1.68,73,0.493,58,0.955,1280,59,120,8,9,0
9/14/2017 3:27:46 PM,29.85,70.8,64.8,869,1.682,73,0.494,59,0.954,1288,59,150,7,11,0
9/14/2017 3:28:06 PM,29.85,70.3,65.3,852,1.671,72,0.491,58,0.955,1257,59,150,7,10,0
9/14/2017 3:28:27 PM,29.98,70.5,65.5,747,1.678,73,0.495,59,0.96,1132,-53,150,9,11,0
9/14/2017 3:28:47 PM,29.85,69.7,65.9,823,1.647,71,0.484,58,0.957,1207,59,150,8,10,0
9/14/2017 3:29:07 PM,29.85,69.5,66.8,823,1.662,72,0.488,58,0.957,1202,59,150,8,11,0
9/14/2017 3:29:27 PM,29.85,69.8,66.4,840,1.669,72,0.49,58,0.956,1230,65,150,6,7,0
9/14/2017 3:29:47 PM,29.85,70.4,66.2,860,1.694,73,0.497,59,0.955,1266,60,150,7,8,0
9/14/2017 3:30:07 PM,29.85,70.2,65.8,848,1.674,73,0.492,58,0.956,1248,61,150,7,8,0
9/14/2017 3:30:27 PM,29.85,70.6,65.2,870,1.682,73,0.494,59,0.954,1285,67,150,10,12,0
9/14/2017 3:30:47 PM,29.85,70.1,66.1,853,1.679,73,0.493,58,0.956,1253,65,150,10,11,0
9/14/2017 3:31:07 PM,29.85,70.2,65.9,857,1.68,73,0.493,58,0.955,1260,65,180,10,11,0
9/14/2017 3:31:27 PM,29.85,70.2,66,859,1.682,73,0.494,59,0.955,1262,67,150,8,9,0
9/14/2017 3:31:47 PM,29.85,70.2,65.6,856,1.673,72,0.491,58,0.955,1260,67,180,6,7,0
9/14/2017 3:32:07 PM,29.85,70.8,65.3,880,1.695,74,0.498,59,0.954,1301,67,210,7,8,0
9/14/2017 3:32:27 PM,29.85,69.9,64.7,836,1.633,71,0.48,58,0.956,1230,67,150,7,8,0
9/14/2017 3:32:47 PM,29.85,71.9,64,922,1.726,75,0.506,59,0.951,1378,66,150,3,4,0
9/14/2017 3:33:07 PM,29.85,71.8,62.7,908,1.685,73,0.494,59,0.952,1361,67,180,5,6,0
9/14/2017 3:33:27 PM,30.03,71.5,63.3,729,1.673,73,0.494,59,0.96,1136,-101,150,6,7,0
9/14/2017 3:33:47 PM,30.03,71.5,63.3,729,1.673,73,0.494,59,0.96,1136,-101,150,6,7,0
9/14/2017 3:34:07 PM,29.85,70.1,63.6,837,1.614,70,0.474,57,0.956,1238,67,150,14,10,0
9/14/2017 3:34:27 PM,29.85,70.2,64.9,852,1.654,72,0.486,58,0.955,1256,67,150,7,9,0
9/14/2017 3:34:47 PM,29.85,70.9,64.4,880,1.68,73,0.493,58,0.954,1306,67,150,7,8,0
9/14/2017 3:35:07 PM,29.85,71.1,64.2,890,1.69,73,0.496,59,0.953,1323,67,150,8,10,0
9/14/2017 3:35:27 PM,29.85,70.9,63.8,877,1.667,72,0.489,58,0.954,1304,67,150,9,10,0
9/14/2017 3:35:47 PM,29.85,70.5,64.6,861,1.661,72,0.488,58,0.955,1272,67,150,6,9,0
9/14/2017 3:36:07 PM,29.85,70.3,65.6,857,1.673,73,0.491,58,0.955,1262,67,150,7,8,0
9/14/2017 3:36:27 PM,29.85,70.8,65.2,883,1.698,74,0.498,59,0.954,1307,67,150,8,9,0
9/14/2017 3:36:47 PM,29.85,71.4,62.9,891,1.666,72,0.489,58,0.953,1331,67,180,6,8,0
9/14/2017 3:37:07 PM,29.85,72.6,62.3,943,1.72,75,0.505,59,0.95,1423,67,150,7,8,0
9/14/2017 3:37:27 PM,29.85,72,62.4,918,1.691,73,0.496,59,0.951,1380,67,150,7,9,0
9/14/2017 3:37:47 PM,29.85,72.2,62.2,924,1.694,74,0.497,59,0.951,1391,67,150,8,10,0
9/14/2017 3:38:07 PM,29.85,72,62.3,916,1.687,73,0.495,59,0.951,1376,67,150,8,10,0
9/14/2017 3:38:27 PM,29.95,71.2,63.8,797,1.676,73,0.494,59,0.957,1211,-25,150,11,12,0
9/14/2017 3:38:47 PM,29.85,71,64.7,885,1.691,73,0.496,59,0.954,1312,67,150,10,12,0
9/14/2017 3:39:07 PM,29.85,70.2,64.6,847,1.644,71,0.483,58,0.956,1250,67,120,10,12,0
9/14/2017 3:39:27 PM,29.85,70.3,64.6,851,1.648,71,0.484,58,0.955,1256,67,150,9,11,0
9/14/2017 3:39:47 PM,29.85,71.1,64.1,888,1.684,73,0.494,59,0.953,1320,67,180,8,10,0
9/14/2017 3:40:07 PM,29.85,69.9,63.6,825,1.601,69,0.47,57,0.957,1218,67,180,8,11,0
9/14/2017 3:40:27 PM,29.85,70.8,65.3,881,1.698,74,0.498,59,0.954,1303,67,180,7,8,0
9/14/2017 3:40:47 PM,29.85,70.5,64.8,865,1.669,72,0.49,58,0.955,1278,67,120,7,8,0
9/14/2017 3:41:07 PM,29.85,69.6,65.3,825,1.629,71,0.479,58,0.957,1209,67,150,9,10,0
9/14/2017 3:41:27 PM,29.85,69.8,65.8,837,1.653,72,0.485,58,0.957,1227,67,150,6,8,0
9/14/2017 3:41:47 PM,29.85,69.8,65.5,836,1.646,71,0.483,58,0.957,1226,67,150,8,11,0
9/14/2017 3:42:07 PM,29.85,69.7,65.3,829,1.635,71,0.48,58,0.957,1217,67,150,8,9,0
9/14/2017 3:42:27 PM,29.85,70.3,66.1,862,1.689,73,0.496,59,0.955,1267,67,150,8,8,0
9/14/2017 3:42:47 PM,29.85,70.9,65.9,891,1.719,75,0.504,59,0.953,1316,67,150,7,8,0
9/14/2017 3:43:07 PM,29.85,70.5,64.8,864,1.668,72,0.49,58,0.955,1276,67,150,9,11,0
9/14/2017 3:43:29 PM,29.92,70.1,65.5,774,1.656,72,0.487,58,0.959,1156,-6,150,10,11,0
9/14/2017 3:43:47 PM,29.85,69.4,67,825,1.658,72,0.487,58,0.957,1202,67,150,7,8,0
9/14/2017 3:44:07 PM,29.85,70.3,67.1,868,1.713,74,0.503,59,0.955,1273,67,150,6,8,0
9/14/2017 3:44:27 PM,29.85,70.3,65.7,859,1.678,73,0.493,58,0.955,1263,67,150,7,9,0
9/14/2017 3:44:47 PM,29.85,70.8,65,877,1.687,73,0.495,59,0.954,1298,67,180,7,8,0
9/14/2017 3:45:07 PM,29.85,71.7,63.2,907,1.692,73,0.497,59,0.952,1357,67,180,5,7,0
9/14/2017 3:45:27 PM,29.85,72.2,62.1,922,1.691,73,0.496,59,0.951,1388,67,180,6,8,0
9/14/2017 3:45:47 PM,29.85,72.5,62.1,940,1.712,74,0.502,59,0.95,1419,67,120,5,7,0
9/14/2017 3:46:07 PM,29.85,72,61.7,914,1.674,73,0.491,58,0.951,1376,67,150,6,8,0
9/14/2017 3:46:27 PM,29.85,71.1,62,870,1.626,71,0.478,58,0.954,1301,67,180,7,8,0
9/14/2017 3:46:47 PM,29.85,70.7,64,868,1.658,72,0.487,58,0.954,1287,67,210,6,8,0
9/14/2017 3:47:07 PM,29.85,71.7,63.6,910,1.702,74,0.5,59,0.952,1360,67,180,8,9,0
9/14/2017 3:47:27 PM,29.85,71.8,62.5,908,1.68,73,0.493,58,0.952,1363,67,180,9,11,0
9/14/2017 3:47:47 PM,29.85,71.6,63.1,903,1.685,73,0.495,59,0.952,1351,67,180,8,10,0
9/14/2017 3:48:07 PM,29.85,70.3,62.4,837,1.594,69,0.468,57,0.956,1244,67,180,9,11,0
9/14/2017 3:48:27 PM,29.93,70.9,63.6,798,1.656,72,0.487,58,0.957,1207,-10,180,9,10,0
9/14/2017 3:48:47 PM,29.85,70.9,63.8,874,1.662,72,0.488,58,0.954,1299,67,180,9,11,0
9/14/2017 3:49:07 PM,29.85,70.9,64.4,878,1.678,73,0.493,58,0.954,1302,67,150,9,10,0
9/14/2017 3:49:27 PM,29.85,71.7,63.2,911,1.697,74,0.498,59,0.952,1364,67,180,5,6,0
9/14/2017 3:49:47 PM,29.85,71.1,63.8,885,1.676,73,0.492,58,0.953,1316,67,180,7,8,0
9/14/2017 3:50:07 PM,29.85,71.3,62.8,889,1.663,72,0.488,58,0.953,1328,67,180,7,8,0
9/14/2017 3:50:27 PM,29.85,71.9,62.1,910,1.677,73,0.492,58,0.952,1368,67,150,5,6,0
9/14/2017 3:50:47 PM,29.85,71.5,62.1,889,1.65,72,0.485,58,0.953,1332,67,180,4,7,0
9/14/2017 3:51:07 PM,29.85,70.3,64.3,849,1.641,71,0.482,58,0.956,1254,67,150,4,6,0
9/14/2017 3:51:27 PM,29.85,71.4,64.4,903,1.708,74,0.501,59,0.952,1343,67,120,4,5,0
9/14/2017 3:51:47 PM,29.85,71.8,63.1,913,1.697,74,0.498,59,0.952,1368,67,180,5,7,0
9/14/2017 3:52:07 PM,29.85,72,62.4,917,1.689,73,0.496,59,0.951,1377,67,180,8,10,0
9/14/2017 3:52:27 PM,29.85,71.1,63.5,881,1.665,72,0.489,58,0.954,1312,67,180,9,11,0
9/14/2017 3:52:47 PM,29.85,71.2,63.7,890,1.681,73,0.494,59,0.953,1326,67,180,7,8,0
9/14/2017 3:53:07 PM,29.85,70.8,64.4,874,1.672,73,0.491,58,0.954,1296,67,180,8,9,0
9/14/2017 3:53:27 PM,29.94,70.9,63.3,788,1.647,71,0.485,58,0.958,1195,-17,210,6,7,0
9/14/2017 3:53:47 PM,29.85,71.4,64,900,1.697,74,0.498,59,0.953,1340,67,150,8,10,0
9/14/2017 3:54:07 PM,29.85,70.6,64.3,863,1.658,72,0.487,58,0.955,1277,67,150,7,8,0
9/14/2017 3:54:27 PM,29.85,71,64.2,883,1.681,73,0.493,58,0.954,1312,67,180,8,11,0
9/14/2017 3:54:47 PM,29.85,71.7,63.5,910,1.7,74,0.499,59,0.952,1360,67,180,3,5,0
9/14/2017 3:55:07 PM,29.85,71.4,62.9,892,1.668,72,0.49,58,0.953,1334,67,210,5,6,0
9/14/2017 3:55:27 PM,29.85,71.6,63.4,907,1.696,74,0.498,59,0.952,1356,67,180,7,8,0
9/14/2017 3:55:47 PM,29.85,71.5,63.4,903,1.691,73,0.496,59,0.952,1349,67,150,6,8,0
9/14/2017 3:56:07 PM,29.85,71.4,64.1,900,1.699,74,0.499,59,0.953,1340,67,150,8,10,0
9/14/2017 3:56:27 PM,29.85,70.5,63.5,855,1.632,71,0.479,58,0.955,1267,68,150,9,10,0
9/14/2017 3:56:47 PM,29.84,70,64.9,847,1.645,71,0.483,58,0.956,1246,72,150,7,9,0
9/14/2017 3:57:07 PM,29.84,71.1,63.9,891,1.677,73,0.492,58,0.953,1324,74,150,6,7,0
9/14/2017 3:57:27 PM,29.84,70.7,64.5,877,1.669,72,0.49,58,0.954,1297,75,150,9,10,0
9/14/2017 3:57:47 PM,29.84,70.8,64.4,883,1.676,73,0.492,58,0.954,1307,74,150,9,10,0
9/14/2017 3:58:07 PM,29.84,71,64.1,890,1.678,73,0.493,58,0.953,1320,74,150,8,10,0
9/14/2017 3:58:27 PM,29.94,72,61.9,821,1.668,72,0.491,58,0.955,1261,-23,180,4,8,0
9/14/2017 3:58:47 PM,29.84,70.8,63.4,876,1.648,72,0.484,58,0.954,1301,75,120,9,10,0
9/14/2017 3:59:07 PM,29.84,70.8,63.4,876,1.648,72,0.484,58,0.954,1301,75,120,9,10,0
9/14/2017 3:59:27 PM,29.84,70.5,65.2,876,1.679,73,0.493,58,0.954,1291,75,150,14,10,0
9/14/2017 3:59:47 PM,29.84,72,63.2,929,1.711,74,0.502,59,0.951,1390,75,180,5,7,0
9/14/2017 4:00:07 PM,29.84,71.7,62.5,912,1.676,73,0.492,58,0.952,1365,75,150,9,11,0
9/14/2017 4:00:27 PM,29.84,70.9,64,884,1.669,72,0.49,58,0.954,1311,75,150,11,12,0
9/14/2017 4:00:47 PM,29.84,70.1,65.6,857,1.665,72,0.489,58,0.955,1257,75,150,9,11,0
9/14/2017 4:01:07 PM,29.84,70.4,66.2,875,1.696,74,0.498,59,0.955,1284,75,150,9,10,0
9/14/2017 4:01:27 PM,29.84,71.3,66,918,1.745,76,0.512,60,0.952,1357,75,150,8,9,0
9/14/2017 4:01:47 PM,29.84,71.1,65.1,901,1.708,74,0.501,59,0.953,1333,75,150,8,11,0
9/14/2017 4:02:07 PM,29.84,70.7,65.3,883,1.69,73,0.496,59,0.954,1303,75,150,7,9,0
9/14/2017 4:02:27 PM,29.84,70.3,65.8,870,1.684,73,0.494,59,0.955,1279,75,150,8,9,0
9/14/2017 4:02:47 PM,29.84,70.4,65.6,874,1.685,73,0.494,59,0.954,1286,75,120,6,8,0
9/14/2017 4:03:07 PM,29.84,70.8,64.8,887,1.687,73,0.495,59,0.954,1312,75,90,4,6,0
9/14/2017 4:03:27 PM,29.92,71.2,63.9,824,1.679,73,0.494,59,0.956,1243,3,120,8,10,0
9/14/2017 4:03:47 PM,29.84,71.5,64.3,918,1.716,75,0.504,59,0.952,1366,75,150,7,11,0
9/14/2017 4:04:07 PM,29.84,72,62.2,922,1.683,73,0.494,59,0.951,1383,75,180,2,4,0
9/14/2017 4:04:27 PM,29.84,72,61.8,920,1.673,73,0.491,58,0.951,1383,75,150,3,4,0
9/14/2017 4:04:47 PM,29.84,71.7,63.4,919,1.701,74,0.499,59,0.951,1373,75,150,5,7,0
9/14/2017 4:05:07 PM,29.84,72.1,62,928,1.687,73,0.495,59,0.951,1395,75,180,7,8,0
9/14/2017 4:05:27 PM,29.84,72.6,63,960,1.744,76,0.511,60,0.949,1442,75,180,7,9,0
9/14/2017 4:05:47 PM,29.84,72.3,62.4,941,1.71,74,0.502,59,0.95,1415,75,180,7,8,0
9/14/2017 4:06:07 PM,29.84,73.2,61.4,974,1.731,75,0.508,59,0.948,1474,75,180,7,8,0
9/14/2017 4:06:27 PM,29.84,73.4,60.9,979,1.728,75,0.507,59,0.948,1486,75,150,7,8,0
9/14/2017 4:06:47 PM,29.84,71.6,61.7,899,1.646,71,0.483,58,0.952,1347,75,150,9,12,0
9/14/2017 4:07:07 PM,29.84,71.2,64.1,897,1.686,73,0.495,59,0.953,1333,75,150,8,9,0
9/14/2017 4:07:27 PM,29.84,71.9,63.7,930,1.719,75,0.504,59,0.951,1389,75,150,6,8,0
9/14/2017 4:07:47 PM,29.84,72.2,63.3,944,1.729,75,0.507,59,0.95,1414,75,150,7,9,0
9/14/2017 4:08:07 PM,29.84,71.6,62.1,902,1.657,72,0.486,58,0.952,1351,75,150,6,8,0
9/14/2017 4:08:27 PM,29.93,72,62.5,834,1.685,73,0.496,59,0.955,1275,-14,180,9,10,0
9/14/2017 4:08:47 PM,29.84,71.6,62.5,909,1.673,73,0.491,58,0.952,1359,75,150,8,10,0
9/14/2017 4:09:07 PM,29.84,72.1,62.9,933,1.709,74,0.501,59,0.951,1398,75,150,6,9,0
9/14/2017 4:09:27 PM,29.98,71.9,63,789,1.694,74,0.5,59,0.957,1219,-61,180,11,12,0
9/14/2017 4:09:47 PM,29.98,71.9,63,789,1.694,74,0.5,59,0.957,1219,-61,180,11,12,0
9/14/2017 4:10:07 PM,29.84,70.5,63.3,860,1.628,71,0.478,58,0.955,1274,74,180,10,9,0
9/14/2017 4:10:27 PM,29.84,70.7,65.1,884,1.689,73,0.496,59,0.954,1305,74,150,7,8,0
9/14/2017 4:10:47 PM,29.84,71.1,64.7,898,1.698,74,0.498,59,0.953,1330,75,150,8,9,0
9/14/2017 4:11:07 PM,29.85,72.2,63.9,940,1.745,76,0.512,60,0.95,1408,67,150,8,11,0
9/14/2017 4:11:27 PM,29.85,71.2,62.8,884,1.657,72,0.487,58,0.953,1321,68,150,7,8,0
9/14/2017 4:11:47 PM,29.84,71.4,63.9,904,1.697,74,0.498,59,0.952,1346,70,120,3,5,0
9/14/2017 4:12:07 PM,29.84,71.6,63.6,914,1.7,74,0.499,59,0.952,1364,73,120,3,4,0
9/14/2017 4:12:27 PM,29.85,72,63.3,923,1.712,74,0.502,59,0.951,1383,68,120,2,4,0
9/14/2017 4:12:47 PM,29.85,72,62.8,921,1.703,74,0.5,59,0.951,1383,67,120,3,4,0
9/14/2017 4:13:07 PM,29.85,73,62.4,968,1.752,76,0.514,60,0.948,1463,67,150,6,7,0
9/14/2017 4:13:27 PM,29.95,72.5,62.1,843,1.704,74,0.502,59,0.954,1299,-29,180,9,11,0
9/14/2017 4:13:47 PM,29.85,72.3,62.5,931,1.708,74,0.501,59,0.95,1401,68,180,7,8,0
9/14/2017 4:14:07 PM,29.85,73,62.1,962,1.739,76,0.51,59,0.949,1455,67,210,7,10,0
9/14/2017 4:14:27 PM,29.84,72,62.2,917,1.685,73,0.495,59,0.951,1379,69,180,8,9,0
9/14/2017 4:14:47 PM,29.85,72.3,62.6,933,1.713,74,0.503,59,0.95,1403,67,150,5,7,0
9/14/2017 4:15:07 PM,29.85,72.5,62.4,943,1.722,75,0.505,59,0.95,1422,67,150,7,8,0
9/14/2017 4:15:27 PM,29.85,73.3,61.4,974,1.74,76,0.511,59,0.948,1478,67,180,8,8,0
9/14/2017 4:15:47 PM,29.85,72.8,61.7,952,1.717,75,0.504,59,0.949,1439,68,150,7,9,0
9/14/2017 4:16:07 PM,29.84,73.2,62.4,977,1.761,77,0.516,60,0.948,1478,69,150,5,8,0
9/14/2017 4:16:27 PM,29.84,74.5,60.7,1034,1.793,78,0.526,60,0.944,1579,74,180,1,2,0
9/14/2017 4:16:47 PM,29.84,73.6,60.2,981,1.721,75,0.505,59,0.947,1495,72,180,8,10,0
9/14/2017 4:17:07 PM,29.84,73.5,60.6,983,1.728,75,0.507,59,0.947,1496,74,180,9,11,0
9/14/2017 4:17:27 PM,29.85,73.7,59.7,976,1.712,75,0.502,59,0.947,1491,67,180,9,11,0
9/14/2017 4:17:47 PM,29.85,73,61,955,1.709,74,0.502,59,0.949,1448,68,180,8,11,0
9/14/2017 4:18:07 PM,29.85,72.5,62.9,946,1.733,75,0.508,59,0.95,1424,68,180,8,8,0
9/14/2017 4:18:27 PM,29.92,72.2,63.4,863,1.724,75,0.507,59,0.953,1314,-3,180,11,12,0
9/14/2017 4:18:47 PM,29.84,72.5,63.3,950,1.744,76,0.512,60,0.95,1428,69,180,9,10,0
9/14/2017 4:19:07 PM,29.84,71.5,61.3,888,1.632,71,0.479,58,0.953,1334,69,150,10,16,0
9/14/2017 4:19:28 PM,29.85,70.7,63.7,866,1.651,72,0.485,58,0.954,1285,67,150,12,17,0
9/14/2017 4:19:47 PM,29.85,70.5,65.3,868,1.682,73,0.494,59,0.955,1282,67,150,10,11,0
9/14/2017 4:20:07 PM,29.84,71,65.9,895,1.722,75,0.505,59,0.953,1322,69,150,8,11,0
9/14/2017 4:20:27 PM,29.85,72.7,63.6,961,1.766,77,0.518,60,0.949,1445,67,150,5,7,0
9/14/2017 4:20:47 PM,29.85,72.3,63.2,937,1.727,75,0.507,59,0.95,1407,67,150,8,11,0
9/14/2017 4:21:07 PM,29.85,71.9,63.3,919,1.708,74,0.501,59,0.951,1376,67,150,11,14,0
9/14/2017 4:21:27 PM,29.85,70.9,64.7,884,1.69,73,0.496,59,0.954,1311,67,150,12,13,0
9/14/2017 4:21:47 PM,29.85,70.7,65.7,879,1.703,74,0.5,59,0.954,1298,67,150,11,13,0
9/14/2017 4:22:07 PM,29.85,71.8,64.6,922,1.735,75,0.509,59,0.951,1376,67,150,7,9,0
9/14/2017 4:22:27 PM,29.85,70.9,64.6,880,1.684,73,0.494,59,0.954,1305,67,180,8,11,0
9/14/2017 4:22:47 PM,29.85,71.5,64.8,911,1.724,75,0.506,59,0.952,1355,67,150,7,9,0
9/14/2017 4:23:07 PM,29.85,71.7,64.4,917,1.726,75,0.506,59,0.952,1368,67,150,10,11,0
9/14/2017 4:23:27 PM,29.85,71.7,64.4,917,1.726,75,0.506,59,0.952,1368,67,150,10,11,0
9/14/2017 4:23:47 PM,29.85,72.8,62.9,957,1.747,76,0.512,60,0.949,1443,67,150,11,10,0
9/14/2017 4:24:07 PM,29.85,72,63.5,928,1.722,75,0.505,59,0.951,1390,67,150,10,11,0
9/14/2017 4:24:27 PM,29.85,71.9,62.9,916,1.697,74,0.498,59,0.951,1374,67,150,8,10,0
9/14/2017 4:24:47 PM,29.85,72.5,63.6,948,1.749,76,0.513,60,0.95,1424,67,150,9,11,0
9/14/2017 4:25:07 PM,29.85,72.3,63.2,939,1.731,75,0.508,59,0.95,1410,67,150,8,11,0
9/14/2017 4:25:27 PM,29.85,70.9,64.1,878,1.673,73,0.491,58,0.954,1304,67,150,11,13,0
9/14/2017 4:25:47 PM,29.85,70.3,64.6,854,1.654,72,0.486,58,0.955,1262,67,150,10,13,0
9/14/2017 4:26:07 PM,29.85,70.7,66,880,1.707,74,0.501,59,0.954,1297,67,150,12,14,0
9/14/2017 4:26:27 PM,29.85,71.2,64.1,890,1.688,73,0.495,59,0.953,1324,67,150,8,10,0
9/14/2017 4:26:47 PM,29.85,71.3,63.8,892,1.684,73,0.494,59,0.953,1329,67,180,8,9,0
9/14/2017 4:27:07 PM,29.85,72.1,64.7,941,1.76,76,0.516,60,0.95,1406,67,180,8,11,0
9/14/2017 4:27:27 PM,29.85,71.9,64.2,925,1.732,75,0.508,59,0.951,1381,67,180,6,8,0
9/14/2017 4:27:47 PM,29.85,72.3,64.9,950,1.775,77,0.521,60,0.95,1419,67,180,9,11,0
9/14/2017 4:28:07 PM,29.85,71.9,64.3,925,1.734,75,0.509,59,0.951,1382,67,180,10,13,0
9/14/2017 4:28:27 PM,29.85,71.9,64.3,925,1.734,75,0.509,59,0.951,1382,67,180,10,13,0
9/14/2017 4:28:47 PM,29.85,73.4,61.7,979,1.752,76,0.514,60,0.948,1485,67,180,16,12,0
9/14/2017 4:29:07 PM,29.85,72,62,916,1.682,73,0.494,59,0.951,1379,67,180,11,13,0
9/14/2017 4:29:27 PM,29.85,71.7,63.4,912,1.703,74,0.5,59,0.952,1365,66,150,10,12,0
9/14/2017 4:29:47 PM,29.85,71.6,63,901,1.681,73,0.493,59,0.952,1347,67,150,11,13,0
9/14/2017 4:30:07 PM,29.85,70.9,64.1,878,1.674,73,0.491,58,0.954,1304,67,150,10,12,0
9/14/2017 4:30:27 PM,29.85,71.1,64.5,889,1.693,73,0.497,59,0.953,1320,67,150,8,10,0
9/14/2017 4:30:47 PM,29.85,70.9,64.7,880,1.686,73,0.495,59,0.954,1304,67,150,9,11,0
9/14/2017 4:31:07 PM,29.85,70.8,64.6,878,1.682,73,0.494,59,0.954,1302,67,150,9,11,0
9/14/2017 4:31:27 PM,29.85,70.8,65.2,882,1.697,74,0.498,59,0.954,1305,67,180,11,14,0
9/14/2017 4:31:47 PM,29.85,71.9,64.1,923,1.728,75,0.507,59,0.951,1379,67,150,9,11,0
9/14/2017 4:32:07 PM,29.85,71.5,64.8,912,1.726,75,0.506,59,0.952,1357,67,150,9,11,0
9/14/2017 4:32:27 PM,29.85,71.1,65.7,900,1.726,75,0.507,59,0.953,1332,67,150,10,12,0
9/14/2017 4:32:47 PM,29.85,71.1,63.3,881,1.661,72,0.488,58,0.954,1312,67,180,9,12,0
9/14/2017 4:33:07 PM,29.85,72.5,63.7,951,1.754,76,0.515,60,0.95,1427,67,180,7,9,0
9/14/2017 4:33:27 PM,29.85,72.5,63.7,951,1.754,76,0.515,60,0.95,1427,67,180,7,9,0
9/14/2017 4:33:47 PM,29.85,73.9,61.9,1003,1.785,78,0.524,60,0.946,1524,67,180,10,9,0
9/14/2017 4:34:07 PM,29.85,73.2,62.2,974,1.757,76,0.515,60,0.948,1474,67,150,9,10,0
9/14/2017 4:34:27 PM,29.85,72.2,63,932,1.72,75,0.505,59,0.95,1400,67,150,10,11,0
9/14/2017 4:34:47 PM,29.85,72,64,930,1.734,75,0.509,59,0.951,1392,67,150,10,13,0
9/14/2017 4:35:07 PM,29.85,72,64,930,1.734,75,0.509,59,0.951,1392,67,150,10,13,0
9/14/2017 4:35:27 PM,29.85,72.4,63.8,946,1.751,76,0.514,60,0.95,1419,67,150,14,11,0
9/14/2017 4:35:47 PM,29.85,72.8,62.9,961,1.753,76,0.514,60,0.949,1449,67,180,9,10,0
9/14/2017 4:36:07 PM,29.85,72.3,64.1,945,1.755,76,0.515,60,0.95,1416,67,180,10,12,0
9/14/2017 4:36:27 PM,29.85,72.4,61.7,932,1.694,74,0.497,59,0.95,1407,67,150,8,11,0
9/14/2017 4:36:47 PM,29.85,72,65,938,1.763,77,0.517,60,0.951,1399,66,150,15,16,0
9/14/2017 4:37:07 PM,29.85,70.6,65.2,870,1.682,73,0.494,59,0.955,1284,67,150,13,16,0
9/14/2017 4:37:27 PM,29.85,71.3,65.4,906,1.729,75,0.507,59,0.952,1343,67,150,8,11,0
9/14/2017 4:37:47 PM,29.85,72.1,63.7,930,1.73,75,0.507,59,0.951,1393,67,180,5,6,0
9/14/2017 4:38:07 PM,29.85,72.5,62.7,945,1.729,75,0.507,59,0.95,1423,67,150,7,8,0
9/14/2017 4:38:27 PM,29.94,72.9,63.3,884,1.763,77,0.519,60,0.952,1356,-17,150,8,11,0
9/14/2017 4:38:47 PM,29.85,71.4,64.9,908,1.723,75,0.506,59,0.952,1349,67,150,12,14,0
9/14/2017 4:39:07 PM,29.85,70.5,65.1,865,1.674,73,0.491,58,0.955,1277,67,150,12,14,0
9/14/2017 4:39:27 PM,29.85,71.3,66.8,918,1.77,77,0.519,60,0.952,1357,66,150,10,13,0
9/14/2017 4:39:47 PM,29.85,71.6,64.9,916,1.734,75,0.509,59,0.952,1363,67,180,9,12,0
9/14/2017 4:40:07 PM,29.85,71.6,64.9,915,1.732,75,0.508,59,0.952,1362,67,150,10,14,0
9/14/2017 4:40:27 PM,29.85,72,64.8,934,1.752,76,0.514,60,0.951,1393,67,180,9,14,0
9/14/2017 4:40:47 PM,29.85,72.3,64.9,954,1.78,77,0.522,60,0.95,1426,67,180,10,11,0
9/14/2017 4:41:07 PM,29.85,72.2,63.8,939,1.742,76,0.511,59,0.95,1406,67,150,10,12,0
9/14/2017 4:41:27 PM,29.85,71,64.4,886,1.687,73,0.495,59,0.953,1315,67,150,12,14,0
9/14/2017 4:41:47 PM,29.85,71.2,65.8,902,1.731,75,0.508,59,0.953,1335,67,150,12,14,0
9/14/2017 4:42:07 PM,29.85,71.2,65.9,906,1.738,75,0.51,59,0.953,1341,67,150,10,11,0
9/14/2017 4:42:27 PM,29.85,71,66.4,900,1.74,75,0.51,59,0.953,1329,67,150,10,11,0
9/14/2017 4:42:47 PM,29.85,70.4,67.4,878,1.728,75,0.507,59,0.954,1287,67,150,11,13,0
9/14/2017 4:43:07 PM,29.85,70.4,68.7,886,1.763,76,0.517,60,0.954,1295,65,150,11,13,0
9/14/2017 4:43:27 PM,29.93,70.7,68,818,1.756,76,0.516,60,0.957,1218,-9,150,10,12,0
9/14/2017 4:43:47 PM,29.85,70.5,67.3,876,1.734,75,0.509,59,0.954,1288,60,180,13,15,0
9/14/2017 4:44:07 PM,29.85,71,66.2,893,1.737,75,0.51,59,0.953,1321,59,150,11,14,0
9/14/2017 4:44:27 PM,29.85,70.8,67.3,892,1.751,76,0.514,60,0.953,1314,62,150,9,11,0
9/14/2017 4:44:47 PM,29.85,70.1,65.1,839,1.649,71,0.484,58,0.956,1236,61,180,11,14,0
9/14/2017 4:45:08 PM,29.85,70.8,66.6,886,1.735,75,0.509,59,0.954,1307,59,150,10,11,0
9/14/2017 4:45:27 PM,29.85,71.4,66.8,912,1.771,77,0.519,60,0.952,1351,60,150,10,13,0
9/14/2017 4:45:47 PM,29.85,71.7,65.7,925,1.766,77,0.518,60,0.951,1377,62,150,7,8,0
9/14/2017 4:46:07 PM,29.85,72.3,65.5,948,1.79,78,0.525,60,0.95,1416,62,150,9,14,0
9/14/2017 4:46:27 PM,29.85,71,66,889,1.728,75,0.507,59,0.953,1316,59,150,12,14,0
9/14/2017 4:46:47 PM,29.85,70,66.1,840,1.67,72,0.49,58,0.956,1233,59,120,15,16,0
9/14/2017 4:47:07 PM,29.85,70.4,68.1,877,1.75,76,0.513,60,0.954,1285,59,150,12,13,0
9/14/2017 4:47:27 PM,29.85,70.5,68.3,883,1.76,76,0.516,60,0.954,1294,60,120,13,14,0
9/14/2017 4:47:47 PM,29.85,71.5,69.6,941,1.857,80,0.544,61,0.951,1383,59,150,10,13,0
9/14/2017 4:48:07 PM,29.85,70.5,67.8,879,1.748,76,0.513,60,0.954,1291,59,150,10,11,0
9/14/2017 4:48:27 PM,29.94,71,67.2,822,1.757,76,0.517,60,0.956,1233,-17,150,10,12,0
9/14/2017 4:48:47 PM,29.85,70.8,66.4,881,1.726,75,0.507,59,0.954,1301,59,180,14,16,0
9/14/2017 4:49:07 PM,29.85,70.8,67.3,891,1.753,76,0.514,60,0.954,1312,59,180,11,14,0
9/14/2017 4:49:27 PM,29.85,70.9,67.3,891,1.754,76,0.515,60,0.953,1313,59,180,9,11,0
9/14/2017 4:49:47 PM,29.85,70.7,67.2,881,1.739,75,0.51,59,0.954,1297,60,180,12,16,0
9/14/2017 4:50:07 PM,29.85,71.2,68.6,917,1.808,78,0.53,61,0.952,1350,60,180,8,11,0
9/14/2017 4:50:27 PM,29.85,71.9,66.3,934,1.789,78,0.525,60,0.951,1389,60,180,9,11,0
9/14/2017 4:50:47 PM,29.85,72.2,65.6,942,1.787,78,0.524,60,0.95,1407,59,180,9,12,0
9/14/2017 4:51:07 PM,29.85,72.4,64.4,945,1.77,77,0.519,60,0.95,1417,59,180,8,10,0
9/14/2017 4:51:27 PM,29.85,72,63.7,920,1.725,75,0.506,59,0.951,1379,59,150,8,9,0
9/14/2017 4:51:47 PM,29.85,71.9,64.5,920,1.739,75,0.51,59,0.951,1375,61,150,10,12,0
9/14/2017 4:52:07 PM,29.85,72.2,64.9,945,1.769,77,0.519,60,0.95,1412,66,150,10,11,0
9/14/2017 4:52:27 PM,29.85,72.3,65.3,955,1.788,78,0.524,60,0.95,1426,67,180,8,11,0
9/14/2017 4:52:47 PM,29.85,73.5,64.3,1004,1.833,80,0.537,61,0.947,1512,67,180,7,10,0
9/14/2017 4:53:07 PM,29.85,73.4,65.8,1013,1.872,81,0.548,61,0.946,1520,67,180,9,10,0
9/14/2017 4:53:27 PM,29.85,73.4,65.8,1013,1.872,81,0.548,61,0.946,1520,67,180,9,10,0
9/14/2017 4:53:47 PM,29.85,72.9,64.1,972,1.789,78,0.524,60,0.948,1460,66,150,16,12,0
9/14/2017 4:54:07 PM,29.85,72.6,64.1,960,1.773,77,0.52,60,0.949,1440,67,150,9,12,0
9/14/2017 4:54:27 PM,29.85,72.8,63.4,962,1.765,77,0.518,60,0.949,1448,66,180,10,14,0
9/14/2017 4:54:47 PM,29.85,71.8,64.4,921,1.73,75,0.508,59,0.951,1374,67,180,12,14,0
9/14/2017 4:55:07 PM,29.85,71.7,65.2,923,1.747,76,0.512,60,0.951,1374,67,180,7,10,0
9/14/2017 4:55:27 PM,29.85,72.5,65.3,962,1.799,78,0.528,60,0.949,1437,66,150,7,8,0
9/14/2017 4:55:47 PM,29.85,73,63.6,976,1.785,78,0.523,60,0.948,1470,67,150,8,9,0
9/14/2017 4:56:07 PM,29.85,73.1,63.8,983,1.797,78,0.527,60,0.948,1480,67,180,7,8,0
9/14/2017 4:56:27 PM,29.85,72,64.6,931,1.746,76,0.512,60,0.951,1391,67,180,11,14,0
9/14/2017 4:56:47 PM,29.85,72,64.7,935,1.752,76,0.514,60,0.951,1395,67,150,10,11,0
9/14/2017 4:57:07 PM,29.85,72.3,64.5,947,1.764,77,0.517,60,0.95,1417,67,180,11,15,0
9/14/2017 4:57:27 PM,29.85,71.2,63.4,887,1.672,73,0.491,58,0.953,1323,67,180,12,14,0
9/14/2017 4:57:47 PM,29.85,71.1,64.2,888,1.686,73,0.495,59,0.953,1320,67,150,12,16,0
9/14/2017 4:58:07 PM,29.85,71.7,65,922,1.742,76,0.511,59,0.951,1372,67,150,10,14,0
9/14/2017 4:58:27 PM,29.92,72.1,64.6,865,1.749,76,0.514,60,0.954,1312,-5,180,10,11,0
9/14/2017 4:58:47 PM,29.85,72.7,65.2,972,1.809,79,0.53,61,0.949,1455,67,180,8,11,0
9/14/2017 4:59:07 PM,29.85,73.5,62.8,994,1.791,78,0.525,60,0.947,1504,67,180,4,8,0
9/14/2017 4:59:27 PM,29.85,73.1,62.4,969,1.753,76,0.514,60,0.948,1465,67,150,9,11,0
9/14/2017 4:59:47 PM,29.85,72.8,62,952,1.725,75,0.506,59,0.949,1439,67,180,8,10,0
9/14/2017 5:00:07 PM,29.85,72.6,63.4,952,1.749,76,0.513,60,0.949,1431,67,180,9,13,0
9/14/2017 5:00:27 PM,29.85,72.7,64.1,965,1.779,77,0.522,60,0.949,1449,67,180,10,11,0
9/14/2017 5:00:47 PM,29.85,72.7,64.1,965,1.779,77,0.522,60,0.949,1449,67,180,10,11,0
9/14/2017 5:01:07 PM,29.85,71.2,65.3,900,1.721,75,0.505,59,0.953,1334,67,150,21,12,0
9/14/2017 5:01:27 PM,29.85,69.9,65.2,839,1.644,71,0.483,58,0.956,1233,67,150,16,18,0
9/14/2017 5:01:47 PM,29.85,71.5,66.2,922,1.764,77,0.517,60,0.952,1367,66,150,12,15,0
9/14/2017 5:02:07 PM,29.85,71.5,66.8,928,1.782,77,0.522,60,0.951,1374,67,150,11,14,0
9/14/2017 5:02:27 PM,29.85,71,66.5,899,1.74,75,0.51,59,0.953,1326,67,150,13,15,0
9/14/2017 5:02:47 PM,29.85,71.3,66.8,916,1.766,77,0.518,60,0.952,1353,67,150,13,16,0
9/14/2017 5:03:08 PM,29.85,71.4,66.6,918,1.766,77,0.518,60,0.952,1358,67,150,13,14,0
9/14/2017 5:03:28 PM,29.85,71.4,66.6,918,1.766,77,0.518,60,0.952,1358,67,150,13,14,0
9/14/2017 5:03:47 PM,29.85,72,66,946,1.789,78,0.525,60,0.95,1407,67,180,20,14,0
9/14/2017 5:04:08 PM,29.85,72.3,67.3,968,1.842,80,0.54,61,0.949,1437,67,180,10,14,0
9/14/2017 5:04:28 PM,29.85,71.9,67.6,953,1.827,79,0.535,61,0.95,1411,67,150,11,13,0
9/14/2017 5:04:48 PM,29.85,73.2,67.8,1019,1.916,83,0.561,62,0.946,1519,67,150,9,13,0
9/14/2017 5:05:08 PM,29.85,74.7,66.2,1080,1.967,86,0.576,63,0.943,1629,67,180,6,8,0
9/14/2017 5:05:28 PM,29.85,75.5,64.9,1110,1.982,86,0.58,63,0.941,1685,67,180,6,8,0
9/14/2017 5:05:48 PM,29.85,74.9,66,1089,1.975,86,0.578,63,0.942,1644,67,180,11,12,0
9/14/2017 5:06:08 PM,29.85,73.9,65.7,1036,1.901,83,0.557,62,0.945,1558,67,150,8,9,0
9/14/2017 5:06:28 PM,29.85,74.4,66,1065,1.944,85,0.569,63,0.943,1605,67,150,10,12,0
9/14/2017 5:06:48 PM,29.85,74.3,66,1058,1.934,84,0.566,62,0.944,1593,67,150,9,11,0
9/14/2017 5:07:08 PM,29.85,75,65.1,1088,1.956,85,0.573,63,0.942,1647,67,180,7,9,0
9/14/2017 5:07:28 PM,29.85,74.8,64.8,1073,1.931,84,0.565,62,0.943,1624,67,150,8,11,0
9/14/2017 5:07:48 PM,29.85,75.3,64.9,1099,1.967,86,0.576,63,0.941,1666,67,150,8,9,0
9/14/2017 5:08:08 PM,29.85,74.2,65.5,1048,1.912,83,0.56,62,0.944,1580,67,150,12,14,0
9/14/2017 5:08:28 PM,29.85,74.2,65.5,1048,1.912,83,0.56,62,0.944,1580,67,150,12,14,0
9/14/2017 5:08:48 PM,29.85,73.8,66.3,1035,1.909,83,0.559,62,0.945,1553,67,150,21,16,0
9/14/2017 5:09:08 PM,29.85,73.5,65.3,1011,1.859,81,0.545,61,0.946,1519,67,150,11,14,0
9/14/2017 5:09:28 PM,29.85,73.8,66.2,1035,1.907,83,0.559,62,0.945,1553,67,150,10,16,0
9/14/2017 5:09:48 PM,29.85,73.4,66.3,1018,1.887,82,0.553,62,0.946,1524,67,180,10,13,0
9/14/2017 5:10:08 PM,29.85,73.8,65.6,1029,1.89,82,0.554,62,0.945,1548,67,150,8,11,0
9/14/2017 5:10:28 PM,29.85,73.4,66.1,1014,1.88,82,0.551,62,0.946,1519,67,180,10,11,0
9/14/2017 5:10:48 PM,29.85,74.4,66.9,1073,1.971,86,0.577,63,0.943,1613,67,180,10,14,0
9/14/2017 5:11:08 PM,29.85,73.5,66.9,1025,1.909,83,0.559,62,0.946,1533,67,180,9,11,0
9/14/2017 5:11:28 PM,29.85,73.9,67.7,1050,1.955,85,0.572,63,0.945,1571,67,150,9,14,0
9/14/2017 5:11:48 PM,29.85,75.6,68.5,1148,2.103,92,0.615,65,0.939,1727,67,180,8,11,0
9/14/2017 5:12:08 PM,29.85,74.5,67.1,1079,1.983,86,0.58,63,0.943,1622,67,180,10,14,0
9/14/2017 5:12:28 PM,29.85,74.1,66.3,1050,1.931,84,0.565,62,0.944,1579,67,180,13,15,0
9/14/2017 5:12:48 PM,29.85,74.7,68,1094,2.02,88,0.591,64,0.942,1641,67,150,10,12,0
9/14/2017 5:13:08 PM,29.85,73.8,68.6,1054,1.977,86,0.579,63,0.945,1572,67,180,9,15,0
9/14/2017 5:13:28 PM,29.94,73.3,66.6,921,1.88,82,0.553,62,0.95,1403,-24,180,9,11,0
9/14/2017 5:13:48 PM,29.85,74,66.2,1042,1.919,84,0.562,62,0.945,1566,65,150,7,11,0
9/14/2017 5:14:08 PM,29.85,73.9,67.2,1048,1.943,84,0.569,63,0.945,1570,67,180,10,12,0
9/14/2017 5:14:28 PM,29.85,73.7,66.5,1032,1.91,83,0.559,62,0.945,1547,66,180,10,13,0
9/14/2017 5:14:48 PM,29.85,74.4,67.4,1074,1.986,86,0.581,63,0.943,1612,64,210,11,13,0
9/14/2017 5:15:08 PM,29.85,73.5,66.9,1018,1.908,83,0.559,62,0.946,1526,59,180,11,14,0
9/14/2017 5:15:28 PM,29.85,72.2,67,960,1.831,79,0.537,61,0.95,1427,63,180,10,11,0
9/14/2017 5:15:48 PM,29.85,73.1,67.9,1013,1.91,83,0.559,62,0.947,1508,67,210,10,11,0
9/14/2017 5:16:08 PM,29.85,73.3,67.8,1022,1.923,84,0.563,62,0.946,1525,66,180,10,11,0
9/14/2017 5:16:28 PM,29.85,72.1,67.6,958,1.838,80,0.539,61,0.95,1420,64,180,9,11,0
9/14/2017 5:16:48 PM,29.85,73,68.4,1012,1.924,84,0.563,62,0.947,1506,63,180,11,14,0
9/14/2017 5:17:08 PM,29.85,73.1,69,1020,1.945,84,0.57,63,0.946,1517,62,180,12,14,0
9/14/2017 5:17:28 PM,29.85,72.7,68.8,996,1.914,83,0.561,62,0.948,1479,60,150,13,18,0
9/14/2017 5:17:48 PM,29.85,72.9,68.5,1000,1.915,83,0.561,62,0.947,1488,59,180,11,14,0
9/14/2017 5:18:08 PM,29.85,72.7,68.7,991,1.906,83,0.559,62,0.948,1471,59,180,10,12,0
9/14/2017 5:18:28 PM,29.85,72.7,68.7,991,1.906,83,0.559,62,0.948,1471,59,180,10,12,0
9/14/2017 5:18:48 PM,29.85,73.6,68.2,1035,1.955,85,0.573,63,0.945,1546,59,180,18,14,0
9/14/2017 5:19:08 PM,29.85,73.1,68.1,1009,1.915,83,0.561,62,0.947,1503,62,180,11,13,0
9/14/2017 5:19:28 PM,29.85,73.4,68.7,1028,1.955,85,0.572,63,0.946,1532,59,150,10,13,0
9/14/2017 5:19:48 PM,29.85,74,67.1,1047,1.949,85,0.571,63,0.945,1572,60,180,9,14,0
9/14/2017 5:20:08 PM,29.85,73,66.8,994,1.874,81,0.549,62,0.947,1487,60,180,7,8,0
9/14/2017 5:20:28 PM,29.85,73.5,67.1,1020,1.915,83,0.561,62,0.946,1527,59,180,10,12,0
9/14/2017 5:20:48 PM,29.85,73.7,67.3,1034,1.937,84,0.567,62,0.945,1549,59,180,9,12,0
9/14/2017 5:21:08 PM,29.85,73.7,66.1,1024,1.901,83,0.557,62,0.946,1539,59,180,8,10,0
9/14/2017 5:21:28 PM,29.85,73.8,65.6,1024,1.893,82,0.555,62,0.946,1543,59,180,9,9,0
9/14/2017 5:21:48 PM,29.85,73.9,66.9,1036,1.931,84,0.566,62,0.945,1555,59,150,10,11,0
9/14/2017 5:22:08 PM,29.85,72.8,68.1,992,1.895,82,0.555,62,0.948,1476,59,150,12,14,0
9/14/2017 5:22:28 PM,29.85,71.3,67.8,919,1.796,78,0.527,60,0.952,1356,59,150,11,16,0
9/14/2017 5:22:48 PM,29.85,72.3,68.2,970,1.869,81,0.548,61,0.949,1439,59,150,9,11,0
9/14/2017 5:23:08 PM,29.85,72.2,69.1,971,1.886,82,0.553,62,0.949,1436,59,150,11,14,0
9/14/2017 5:23:28 PM,29.85,72.2,69.1,971,1.886,82,0.553,62,0.949,1436,59,150,11,14,0
9/14/2017 5:23:48 PM,29.85,72.5,67.4,973,1.859,81,0.545,61,0.949,1449,59,180,22,16,0
9/14/2017 5:24:08 PM,29.85,71.7,66.9,930,1.797,78,0.527,60,0.951,1380,59,180,13,16,0
9/14/2017 5:24:28 PM,29.85,71.5,68.7,935,1.833,79,0.537,61,0.951,1379,59,150,12,14,0
9/14/2017 5:24:48 PM,29.85,71.3,68.3,922,1.809,78,0.531,61,0.952,1360,59,180,12,14,0
9/14/2017 5:25:08 PM,29.85,71.5,67.5,926,1.801,78,0.528,60,0.952,1370,59,180,8,11,0
9/14/2017 5:25:28 PM,29.85,71.9,67,939,1.808,78,0.53,61,0.951,1394,59,180,11,13,0
9/14/2017 5:25:48 PM,29.85,71.6,67.9,933,1.817,79,0.533,61,0.951,1380,59,180,12,12,0
9/14/2017 5:26:08 PM,29.85,72.6,68.3,986,1.893,82,0.555,62,0.948,1466,59,180,9,11,0
9/14/2017 5:26:28 PM,29.85,72.9,66,983,1.847,80,0.541,61,0.948,1472,59,150,9,12,0
9/14/2017 5:26:48 PM,29.85,72.8,67.3,986,1.875,81,0.549,62,0.948,1470,59,150,10,11,0
9/14/2017 5:27:08 PM,29.85,72.9,67.7,995,1.892,82,0.554,62,0.948,1484,59,180,10,13,0
9/14/2017 5:27:28 PM,29.85,73.1,66.8,997,1.879,82,0.55,62,0.947,1492,59,150,10,13,0
9/14/2017 5:27:48 PM,29.85,72.9,66.3,985,1.854,81,0.543,61,0.948,1473,59,150,11,13,0
9/14/2017 5:28:08 PM,29.85,72.8,66.4,977,1.846,80,0.541,61,0.948,1461,59,150,12,15,0
9/14/2017 5:28:28 PM,29.85,72.8,66.4,977,1.846,80,0.541,61,0.948,1461,59,150,12,15,0
9/14/2017 5:28:48 PM,29.85,72.3,67.3,963,1.844,80,0.541,61,0.949,1433,59,180,20,14,0
9/14/2017 5:29:08 PM,29.85,72.7,66.4,976,1.845,80,0.541,61,0.948,1458,59,150,8,10,0
9/14/2017 5:29:28 PM,29.85,72.6,65.9,968,1.826,79,0.535,61,0.949,1448,59,210,8,10,0
9/14/2017 5:29:48 PM,29.85,73,65.7,984,1.841,80,0.54,61,0.948,1475,59,210,9,11,0
9/14/2017 5:30:08 PM,29.85,72.9,66.4,982,1.852,80,0.543,61,0.948,1469,59,150,13,15,0
9/14/2017 5:30:28 PM,29.85,72.1,67.8,956,1.843,80,0.54,61,0.95,1418,59,150,14,17,0
9/14/2017 5:30:48 PM,29.85,71.3,65.8,900,1.739,75,0.51,59,0.953,1334,59,150,12,15,0
9/14/2017 5:31:08 PM,29.85,72.5,67.6,974,1.865,81,0.546,61,0.949,1449,59,150,11,14,0
9/14/2017 5:31:28 PM,29.85,72.5,67.4,972,1.859,81,0.545,61,0.949,1447,59,150,9,11,0
9/14/2017 5:31:48 PM,30.01,72.6,66.8,827,1.837,80,0.541,61,0.955,1273,-84,180,9,11,0
9/14/2017 5:32:08 PM,30.01,72.6,66.8,827,1.837,80,0.541,61,0.955,1273,-84,180,9,11,0
9/14/2017 5:32:28 PM,29.85,72.1,67.6,955,1.838,80,0.539,61,0.95,1417,59,180,17,13,0
9/14/2017 5:32:48 PM,29.85,71.8,67.5,941,1.82,79,0.534,61,0.951,1394,59,180,13,14,0
9/14/2017 5:33:08 PM,29.85,71.2,68.4,914,1.801,78,0.528,60,0.952,1345,59,180,12,14,0
9/14/2017 5:33:28 PM,29.85,71.2,68.4,914,1.801,78,0.528,60,0.952,1345,59,180,12,14,0
9/14/2017 5:33:48 PM,29.85,72,68.3,957,1.854,80,0.544,61,0.95,1417,59,180,24,16,0
9/14/2017 5:34:08 PM,29.85,72.2,67.3,955,1.833,80,0.537,61,0.95,1419,59,180,12,13,0
9/14/2017 5:34:28 PM,29.85,73.7,68.8,1046,1.982,86,0.58,63,0.945,1562,59,180,11,15,0
9/14/2017 5:34:48 PM,29.85,72.6,66.5,969,1.838,80,0.539,61,0.949,1447,59,180,11,12,0
9/14/2017 5:35:08 PM,29.85,72.1,67.4,953,1.833,80,0.537,61,0.95,1416,59,180,13,16,0
9/14/2017 5:35:28 PM,29.85,71.2,67.9,911,1.789,78,0.525,60,0.952,1344,59,180,13,14,0
9/14/2017 5:35:48 PM,29.85,72.3,69.1,976,1.894,82,0.555,62,0.949,1445,59,180,11,13,0
9/14/2017 5:36:08 PM,29.85,72.8,68,991,1.893,82,0.555,62,0.948,1475,59,180,6,8,0
9/14/2017 5:36:28 PM,29.85,72.2,66.5,950,1.814,79,0.532,61,0.95,1416,59,150,7,9,0
9/14/2017 5:36:48 PM,29.85,74.1,67.2,1049,1.954,85,0.572,63,0.944,1574,59,210,4,5,0
9/14/2017 5:37:08 PM,29.85,73.8,66.2,1029,1.91,83,0.56,62,0.945,1547,59,210,7,11,0
9/14/2017 5:37:28 PM,29.85,72.3,66.1,952,1.809,79,0.53,61,0.95,1420,59,180,11,12,0
9/14/2017 5:37:48 PM,29.85,73.5,67.2,1023,1.92,83,0.562,62,0.946,1532,59,180,11,12,0
9/14/2017 5:38:08 PM,29.85,73,67.8,999,1.901,83,0.557,62,0.947,1490,59,150,12,13,0
9/14/2017 5:38:28 PM,29.85,73,67.8,999,1.901,83,0.557,62,0.947,1490,59,150,12,13,0
9/14/2017 5:38:48 PM,29.85,72.8,66.5,979,1.852,80,0.543,61,0.948,1463,59,150,16,13,0
9/14/2017 5:39:08 PM,29.85,72.6,67.5,979,1.869,81,0.548,61,0.948,1458,59,150,12,14,0
9/14/2017 5:39:28 PM,29.85,71.5,66.7,916,1.775,77,0.521,60,0.952,1358,59,180,15,17,0
9/14/2017 5:39:48 PM,29.85,71.7,67.7,938,1.82,79,0.534,61,0.951,1388,59,150,11,14,0
9/14/2017 5:40:08 PM,29.85,72.1,67.8,955,1.843,80,0.54,61,0.95,1417,59,180,11,13,0